-- phpMyAdmin SQL Dump
-- version 5.2.1
-- https://www.phpmyadmin.net/
--
-- Host: 127.0.0.1
-- Generation Time: Sep 19, 2025 at 12:14 PM
-- Server version: 10.4.32-MariaDB
-- PHP Version: 8.2.12

SET SQL_MODE = "NO_AUTO_VALUE_ON_ZERO";
START TRANSACTION;
SET time_zone = "+00:00";


/*!40101 SET @OLD_CHARACTER_SET_CLIENT=@@CHARACTER_SET_CLIENT */;
/*!40101 SET @OLD_CHARACTER_SET_RESULTS=@@CHARACTER_SET_RESULTS */;
/*!40101 SET @OLD_COLLATION_CONNECTION=@@COLLATION_CONNECTION */;
/*!40101 SET NAMES utf8mb4 */;

--
-- Database: `kanban_app`
--

-- --------------------------------------------------------

--
-- Table structure for table `activities`
--

CREATE TABLE `activities` (
  `id` bigint(20) NOT NULL,
  `name` varchar(255) NOT NULL,
  `created_at` timestamp NOT NULL DEFAULT current_timestamp()
) ENGINE=InnoDB DEFAULT CHARSET=utf8mb4 COLLATE=utf8mb4_general_ci;

--
-- Dumping data for table `activities`
--

INSERT INTO `activities` (`id`, `name`, `created_at`) VALUES
(33, 'Ada', '2025-08-27 09:35:48'),
(34, 'Meeting Manajemen', '2025-08-28 06:26:16'),
(35, 'Training Excel', '2025-08-28 06:58:13'),
(36, 'Update Dashboard Manajemen', '2025-08-28 09:26:11'),
(37, 'Gemba', '2025-08-29 01:05:44'),
(38, 'Dashboard', '2025-08-29 01:11:39'),
(39, 'Update OWE', '2025-08-29 01:12:19'),
(40, 'Evaluasi Data', '2025-08-29 01:35:32'),
(41, 'Standup Meeting Decathlon', '2025-08-29 03:28:46'),
(42, 'Project WP', '2025-08-29 03:44:28'),
(43, 'Review Tim DA', '2025-08-29 04:13:25'),
(44, 'Meeting', '2025-08-29 07:34:48'),
(45, 'Review Data', '2025-08-30 00:40:59'),
(46, 'Review Data', '2025-08-30 00:41:00'),
(47, 'Pembuatan template Jam Orang Weekly', '2025-08-30 01:41:46'),
(48, 'Pembuatan template Jam Orang Weekly', '2025-08-30 01:41:49'),
(49, 'Evaluasi Jam Orang Harian', '2025-08-30 01:44:00'),
(50, 'Evaluasi Jam Orang Mingguan', '2025-08-30 01:44:12'),
(51, 'Back Up Data', '2025-08-30 01:44:19'),
(52, 'Meeting HRD', '2025-08-30 01:44:31'),
(53, 'Meeting Kapasitas', '2025-08-30 01:44:43'),
(54, 'Diskusi dengan tim lain', '2025-08-30 02:57:45'),
(55, 'Transfer Data', '2025-08-30 05:01:16'),
(56, 'Monitoring WIP', '2025-09-01 01:21:55'),
(57, 'Fasilitator Training', '2025-09-01 01:47:21'),
(58, 'Meeting Produksi', '2025-09-01 03:49:38'),
(59, 'Monthly Report', '2025-09-01 03:52:28'),
(60, 'Weekly Report', '2025-09-01 03:53:51'),
(61, 'Analisis dan Report', '2025-09-01 04:01:47'),
(62, 'Update ppt untuk meeting', '2025-09-01 06:23:28'),
(63, 'Review Notulensi', '2025-09-02 00:24:34'),
(64, 'Dashboard Garment', '2025-09-02 00:51:07'),
(65, 'Review Job Desc', '2025-09-02 00:58:09'),
(66, 'Update Data', '2025-09-02 01:04:50'),
(67, 'Kanban App', '2025-09-02 02:26:54'),
(68, 'Update Matriks Skill', '2025-09-02 02:50:10'),
(69, 'Monitoring TNA', '2025-09-02 03:23:03'),
(70, 'CAP', '2025-09-02 06:12:17'),
(71, 'Dashboard IHP', '2025-09-02 07:08:43'),
(72, 'Trial', '2025-09-03 00:53:51'),
(73, 'Meeting Data Analyst', '2025-09-03 01:58:19'),
(74, 'Update Backup Data', '2025-09-03 03:22:48'),
(75, 'Diskusi dengan tim lain', '2025-09-03 03:23:15'),
(77, 'Update CHK10', '2025-09-03 06:41:00'),
(78, 'Monitoring New Style', '2025-09-03 06:44:53'),
(79, 'Review SOP', '2025-09-03 07:19:25'),
(80, 'Sosialisasi', '2025-09-03 07:22:14'),
(81, 'Meeting CI', '2025-09-03 07:22:47'),
(82, 'Meeting Lockplan', '2025-09-03 07:34:22'),
(83, 'Box Monitoring', '2025-09-04 00:27:51'),
(84, 'Daily Report', '2025-09-04 00:34:21'),
(85, 'Follow Up', '2025-09-04 00:44:53'),
(86, 'Meeting', '2025-09-04 03:09:49'),
(87, 'Check Line Balancing', '2025-09-04 07:41:42'),
(88, 'Learning', '2025-09-04 07:42:43'),
(89, 'Stand Up Meeting Tim Data Analyst', '2025-09-08 00:47:21'),
(90, 'Email', '2025-09-09 01:35:48'),
(91, 'Meeting Briefing Pagi', '2025-09-10 01:28:32'),
(92, 'Meeting Briefing Pagi', '2025-09-10 01:28:34'),
(93, 'Trial', '2025-09-10 02:31:17'),
(94, 'Trial', '2025-09-10 02:31:20'),
(95, 'Jobdesc', '2025-09-10 06:12:04'),
(96, 'Meeting Manajemen', '2025-09-10 07:18:56'),
(97, 'SSE', '2025-09-11 00:45:50'),
(98, 'Kunjungan', '2025-09-12 08:07:27'),
(99, 'Meeting Bipartit', '2025-09-13 04:37:22'),
(100, 'Update Struktur', '2025-09-15 04:29:07'),
(101, 'Follow up Bipartit', '2025-09-15 05:33:25'),
(102, 'Orientasi', '2025-09-17 00:40:42'),
(103, 'Training', '2025-09-18 01:03:02'),
(104, 'Database', '2025-09-19 01:38:27'),
(105, 'Collect new job desc', '2025-09-19 04:30:33');

-- --------------------------------------------------------

--
-- Table structure for table `archived_tasks`
--

CREATE TABLE `archived_tasks` (
  `id` bigint(20) NOT NULL,
  `content` varchar(255) NOT NULL,
  `pic_id` bigint(20) DEFAULT NULL,
  `detail` text DEFAULT NULL,
  `status` enum('todo','on progress','done','archived') NOT NULL DEFAULT 'todo',
  `timestamp_todo` timestamp NULL DEFAULT NULL,
  `timestamp_progress` timestamp NULL DEFAULT NULL,
  `timestamp_done` timestamp NULL DEFAULT NULL,
  `timestamp_archived` timestamp NULL DEFAULT NULL,
  `minute_pause` int(11) DEFAULT 0,
  `minute_activity` int(11) DEFAULT 0,
  `created_at` timestamp NOT NULL DEFAULT current_timestamp(),
  `pause_time` timestamp NULL DEFAULT NULL
) ENGINE=InnoDB DEFAULT CHARSET=utf8mb4 COLLATE=utf8mb4_general_ci;

--
-- Dumping data for table `archived_tasks`
--

INSERT INTO `archived_tasks` (`id`, `content`, `pic_id`, `detail`, `status`, `timestamp_todo`, `timestamp_progress`, `timestamp_done`, `timestamp_archived`, `minute_pause`, `minute_activity`, `created_at`, `pause_time`) VALUES
(38, 'Ada', NULL, 'Task Description', 'archived', '2025-08-27 09:35:48', '2025-08-28 06:03:24', '2025-08-28 06:25:19', '2025-08-28 06:29:08', 6, 21, '2025-08-27 09:36:13', NULL),
(39, 'Ada', NULL, '', 'archived', '2025-08-28 19:35:33', '2025-08-28 20:56:02', '2025-08-28 20:56:03', '2025-08-28 15:56:04', 0, 0, '2025-08-28 05:35:58', NULL),
(40, 'Meeting Manajemen', 23, 'Meeting TNA Development', 'archived', '2025-08-28 06:26:22', '2025-08-28 06:28:17', '2025-08-28 09:38:07', '2025-09-11 08:25:15', 0, 189, '2025-08-28 06:26:47', NULL),
(41, 'Training Excel', NULL, 'Menyusun presentasi Training Excel IE', 'archived', '2025-08-28 06:58:43', '2025-08-28 06:59:00', '2025-08-28 09:43:36', '2025-09-01 01:14:14', 29, 164, '2025-08-28 06:59:08', NULL),
(42, 'Update Dashboard Manajemen', 23, '', 'archived', '2025-08-28 09:25:53', '2025-08-28 09:38:03', '2025-08-28 09:59:21', '2025-09-09 01:08:42', 0, 21, '2025-08-28 09:26:18', NULL),
(45, 'Gemba', 23, 'Gemba Data Downtime A15 dan B6', 'archived', '2025-08-29 07:30:00', '2025-08-29 00:35:57', '2025-08-29 01:09:52', '2025-09-09 01:08:44', 0, 33, '2025-08-29 01:06:18', NULL),
(48, 'Dashboard', 23, 'Update Dashboard Plant Manager', 'archived', '2025-08-29 01:11:35', '2025-08-29 01:11:36', '2025-08-29 07:00:26', '2025-09-09 01:08:46', 145, 348, '2025-08-29 01:12:01', '2025-08-29 03:43:45'),
(49, 'Update OWE', 23, 'Update OWE week 34', 'archived', '2025-08-29 01:12:05', '2025-08-29 01:12:06', '2025-08-29 01:34:37', '2025-09-09 01:08:46', 0, 22, '2025-08-29 01:12:31', NULL),
(50, 'Evaluasi Data', 23, 'Evaluasi Data Downtime', 'archived', '2025-08-29 01:35:20', '2025-08-29 01:35:22', '2025-08-29 01:39:45', '2025-09-09 01:08:46', 0, 4, '2025-08-29 01:35:47', NULL),
(51, 'Training Excel', NULL, 'Update soal latihan Excel', 'archived', '2025-08-29 01:52:54', '2025-08-29 01:53:39', '2025-08-29 04:33:08', '2025-09-01 01:14:18', 5, 159, '2025-08-29 01:53:20', NULL),
(52, 'Standup Meeting Decathlon', 23, '', 'archived', '2025-08-29 23:28:26', '2025-08-29 02:28:28', '2025-08-29 03:37:36', '2025-09-09 01:08:47', 0, 69, '2025-08-29 02:28:52', NULL),
(53, 'Project WP', 23, 'Trial WP', 'archived', '2025-08-29 03:44:12', '2025-08-29 03:44:13', '2025-08-29 07:00:02', '2025-09-09 01:08:47', 110, 195, '2025-08-29 03:44:38', NULL),
(54, 'Review Tim DA', 23, 'Review Soal Tes Training Excel', 'archived', '2025-08-29 04:13:15', '2025-08-29 04:13:17', '2025-08-29 05:56:53', '2025-09-09 01:08:47', 0, 103, '2025-08-29 04:13:41', NULL),
(55, 'Meeting', 23, 'Meeting Evaluasi Event HUT RI dan Ultah MGM', 'archived', '2025-08-29 14:34:54', '2025-08-29 07:34:56', '2025-08-30 07:00:29', '2025-09-09 01:08:48', 0, 145, '2025-08-29 07:35:20', NULL),
(56, 'Training Excel', NULL, 'Memberikan materi Training Excel untuk IE', 'archived', '2025-08-29 07:39:42', '2025-08-29 08:26:32', '2025-08-30 00:23:06', '2025-09-04 09:20:46', 0, 956, '2025-08-29 07:40:07', NULL),
(57, 'Review Data', 23, 'Review Data Produksi', 'archived', '2025-08-30 00:40:47', '2025-08-30 00:40:49', '2025-08-30 01:17:02', '2025-09-09 01:08:48', 0, 36, '2025-08-30 00:41:13', NULL),
(58, 'Review Tim DA', 23, 'Weekly Review', 'archived', '2025-08-30 01:17:15', '2025-08-30 01:17:17', '2025-08-30 02:56:40', '2025-09-09 01:08:48', 0, 99, '2025-08-30 01:17:41', NULL),
(59, 'Training Excel', NULL, '', 'archived', '2025-08-30 02:17:57', '2025-08-30 02:18:00', '2025-08-30 02:18:04', '2025-08-30 02:18:06', 0, 0, '2025-08-30 02:18:22', NULL),
(60, 'Training Excel', NULL, 'Post Test Training Excel', 'archived', '2025-08-30 02:18:35', '2025-09-01 00:34:21', '2025-09-01 00:34:35', '2025-09-04 09:20:53', 0, 0, '2025-08-30 02:18:59', NULL),
(61, 'Diskusi dengan tim lain', 23, 'Diskusi dengan tim MD mengenai TNA JR286', 'archived', '2025-08-30 02:57:35', '2025-08-30 02:57:37', '2025-08-30 03:42:41', '2025-09-09 01:08:49', 0, 45, '2025-08-30 02:58:01', NULL),
(62, 'Review Data', 23, 'Review Data Produksi di SIstem ASI Software', 'archived', '2025-08-30 03:43:31', '2025-08-30 03:43:33', '2025-08-30 05:00:38', '2025-09-09 01:08:49', 0, 77, '2025-08-30 03:43:57', NULL),
(63, 'Transfer Data', 23, 'Transfer Data Decathlon', 'archived', '2025-09-03 06:15:25', '2025-09-03 06:25:21', '2025-09-03 06:32:06', '2025-09-09 01:08:49', 0, 6, '2025-08-30 05:01:29', '2025-09-03 06:25:22'),
(64, 'Evaluasi Jam Orang Mingguan', 21, 'Check Pengisian jam orang W35 dari senin - jumat', 'archived', '2025-09-01 00:34:43', '2025-09-01 01:09:41', '2025-09-01 04:23:42', '2025-09-11 08:25:16', 0, 194, '2025-09-01 00:35:10', NULL),
(65, 'Update Dashboard Manajemen', 23, 'Dashboard Produksi', 'archived', '2025-09-01 01:08:36', '2025-09-01 01:08:37', '2025-09-01 09:45:06', '2025-09-11 08:25:17', 60, 516, '2025-09-01 01:09:03', NULL),
(66, 'Pembuatan template Jam Orang Weekly', 21, 'Pembuatan template jam orang W36', 'archived', '2025-09-01 01:10:41', '2025-09-01 04:24:03', '2025-09-01 06:22:12', '2025-09-11 08:25:18', 0, 118, '2025-09-01 01:11:08', NULL),
(67, 'Back Up Data', 21, 'Back Up data jam orang dan validasi man power W35', 'archived', '2025-09-01 01:11:12', '2025-09-01 04:23:50', '2025-09-01 06:22:18', '2025-09-11 08:25:19', 0, 118, '2025-09-01 01:11:38', NULL),
(68, 'Meeting HRD', 21, 'Meeting weekly W35', 'archived', '2025-09-01 01:11:30', '2025-09-01 07:40:07', '2025-09-02 00:49:52', '2025-09-11 08:25:19', 0, 1029, '2025-09-01 01:11:56', NULL),
(69, 'Monitoring WIP', NULL, 'Update data Monitoring WIP W35', 'archived', '2025-09-01 01:21:46', '2025-09-01 01:22:09', '2025-09-01 02:03:20', '2025-09-04 09:21:00', 0, 41, '2025-09-01 01:22:13', NULL),
(70, 'Project WP', 23, 'Trial WPSP', 'archived', '2025-09-01 01:46:23', '2025-09-01 01:46:24', '2025-09-01 01:55:06', '2025-09-11 08:25:20', 0, 8, '2025-09-01 01:46:50', NULL),
(71, 'Review Data', 23, 'Review Data Sample dan SMI', 'archived', '2025-09-01 01:55:26', '2025-09-01 01:55:28', '2025-09-01 02:06:20', '2025-09-11 08:25:20', 0, 10, '2025-09-01 01:55:53', NULL),
(72, 'Fasilitator Training', 21, 'WELCOMING SPEECH', 'archived', '2025-09-01 02:28:21', '2025-09-01 02:28:24', '2025-09-01 04:23:11', '2025-09-11 08:25:20', 0, 114, '2025-09-01 02:28:47', NULL),
(73, 'Meeting Produksi', 22, 'Meeting membahas penyebab banyak line yang off', 'archived', '2025-09-01 03:49:35', '2025-09-01 03:49:47', '2025-09-02 03:16:42', '2025-09-11 08:25:21', 0, 1406, '2025-09-01 03:50:03', '2025-09-01 08:19:36'),
(74, 'Review Data', 22, 'Membandingkan data CHK10 vs WIP', 'archived', '2025-09-01 03:51:29', '2025-09-02 06:00:53', '2025-09-03 00:58:24', '2025-09-11 08:25:22', 0, 1137, '2025-09-01 03:51:57', '2025-09-02 09:04:37'),
(75, 'Monthly Report', 22, 'Monthly report grafik Downtime dan P2P Production', 'archived', '2025-09-01 03:52:31', '2025-09-01 09:48:07', '2025-09-02 02:23:20', '2025-09-11 08:25:22', 968, 995, '2025-09-01 03:52:59', NULL),
(76, 'Weekly Report', 22, 'Update Weekly Report', 'archived', '2025-09-03 06:15:17', '2025-09-03 06:36:16', '2025-09-03 06:36:19', '2025-09-11 08:25:23', 1564, 0, '2025-09-01 03:54:08', NULL),
(77, 'Weekly Report', 22, 'Update Changeover Line', 'archived', '2025-09-01 03:53:53', '2025-09-02 01:54:14', '2025-09-02 02:07:31', '2025-09-11 08:25:23', 0, 13, '2025-09-01 03:54:21', NULL),
(78, 'Analisis dan Report', NULL, 'Analisis hasil post test dept IE', 'archived', '2025-09-01 04:01:52', '2025-09-01 05:50:30', '2025-09-01 09:50:41', '2025-09-11 08:25:24', 17, 240, '2025-09-01 04:02:20', NULL),
(79, 'Update ppt untuk meeting', 21, 'Prepare data jam orang weekly', 'archived', '2025-09-01 06:23:22', '2025-09-01 06:23:28', '2025-09-01 07:40:01', '2025-09-11 08:25:24', 0, 76, '2025-09-01 06:23:48', NULL),
(80, 'Diskusi dengan tim lain', 21, 'Diskusi perhitungan profit by jam orang', 'archived', '2025-09-01 07:19:58', '2025-09-01 07:20:05', '2025-09-01 07:39:54', '2025-09-11 08:25:26', 0, 19, '2025-09-01 07:20:24', NULL),
(81, 'Review Notulensi', 23, 'Review Notulensi Meeting Top Manajemen', 'archived', '2025-09-02 00:24:26', '2025-09-02 00:24:32', '2025-09-02 01:01:46', '2025-09-11 08:25:27', 0, 37, '2025-09-02 00:24:54', NULL),
(82, 'Evaluasi Jam Orang Harian', 21, 'Upload data untuk hari selasa dan koreksi data hari senin', 'archived', '2025-09-02 00:50:55', '2025-09-02 00:56:27', '2025-09-02 02:49:19', '2025-09-11 08:25:28', 80, 112, '2025-09-02 00:51:20', NULL),
(83, 'Dashboard Garment', 24, 'Update Dashboard Garment', 'archived', '2025-09-02 00:51:14', '2025-09-02 01:10:28', '2025-09-02 01:58:33', '2025-09-04 09:21:07', 0, 48, '2025-09-02 00:51:41', NULL),
(84, 'Review Job Desc', 21, 'Review JD sesuai update struktur organisasi', 'archived', '2025-09-02 00:58:08', '2025-09-02 00:58:16', '2025-09-02 07:44:01', '2025-09-11 08:25:28', 215, 405, '2025-09-02 00:58:33', '2025-09-02 06:14:13'),
(86, 'Update Data', 23, 'Update Data Produksi', 'archived', '2025-09-02 01:04:42', '2025-09-02 01:04:54', '2025-09-02 01:50:06', '2025-09-11 08:25:28', 0, 45, '2025-09-02 01:05:09', NULL),
(87, 'Dashboard', 23, 'Dashboard Flow Produksi', 'archived', '2025-09-02 01:57:40', '2025-09-02 01:57:51', '2025-09-02 03:14:59', '2025-09-11 08:25:28', 0, 77, '2025-09-02 01:58:08', NULL),
(88, 'Kanban App', 24, 'Trial Memperbaiki Timestamp', 'archived', '2025-09-02 02:27:11', '2025-09-02 02:49:24', '2025-09-02 09:22:39', '2025-09-04 09:21:11', 38, 393, '2025-09-02 02:27:38', NULL),
(89, 'Update Matriks Skill', 21, 'Menambahkan skill garment dan cutting', 'archived', '2025-09-02 02:50:11', '2025-09-02 02:50:14', '2025-09-02 03:21:59', '2025-09-11 08:25:29', 0, 31, '2025-09-02 02:50:36', NULL),
(90, 'Update Data', 23, 'Update Data untuk dashboard M4 Flow', 'archived', '2025-09-02 03:15:24', '2025-09-02 03:15:26', '2025-09-02 07:37:51', '2025-09-11 08:25:29', 0, 262, '2025-09-02 03:15:51', NULL),
(91, 'Monitoring TNA', 21, 'Input tanggal after launching', 'archived', '2025-09-02 03:22:57', '2025-09-02 03:23:04', '2025-09-02 04:13:28', '2025-09-11 08:25:29', 0, 50, '2025-09-02 03:23:22', NULL),
(92, 'CAP', 21, 'Penyusunan draft CAP terhadap complain besaran KDR 135 meter, indikasi pemborosan sampai 29%', 'archived', '2025-09-02 06:12:52', '2025-09-02 06:14:02', '2025-09-02 07:43:54', '2025-09-11 08:25:30', 0, 89, '2025-09-02 06:13:17', NULL),
(93, 'Dashboard IHP', 24, 'Update Tampilan Dashboard', 'archived', '2025-09-02 07:08:35', '2025-09-02 07:08:40', '2025-09-02 08:57:55', '2025-09-04 09:21:17', 0, 109, '2025-09-02 07:09:02', NULL),
(94, 'Meeting Kapasitas', 23, 'Meeting Kapasitas W36', 'archived', '2025-09-02 07:38:09', '2025-09-02 07:38:11', '2025-09-02 10:04:44', '2025-09-11 08:25:30', 0, 146, '2025-09-02 07:38:36', NULL),
(95, 'Meeting Kapasitas', NULL, 'W35', 'archived', '2025-09-02 07:44:30', '2025-09-02 07:44:34', '2025-09-03 00:40:06', '2025-09-11 08:25:30', 0, 1015, '2025-09-02 07:44:55', NULL),
(96, 'Update Data', 23, 'Update data produksi', 'archived', '2025-09-03 00:23:23', '2025-09-03 00:23:47', '2025-09-03 01:56:18', '2025-09-11 08:25:30', 0, 92, '2025-09-03 00:23:51', NULL),
(97, 'Trial', 21, 'Trial new format balancing line', 'archived', '2025-09-03 00:53:43', '2025-09-03 00:53:48', '2025-09-03 04:04:27', '2025-09-11 08:25:31', 0, 190, '2025-09-03 00:54:08', '2025-09-03 03:23:40'),
(98, 'Meeting Data Analyst', 23, 'Meeting RFT dan Dashboard', 'archived', '2025-09-03 01:58:08', '2025-09-03 01:58:12', '2025-09-03 06:06:44', '2025-09-11 08:25:31', 0, 248, '2025-09-03 01:58:35', NULL),
(99, 'Kanban App', 24, 'Trial memperbaiki timestamp, activity minutes', 'archived', '2025-09-03 03:21:30', '2025-09-03 03:21:33', '2025-09-03 09:47:10', '2025-09-11 08:25:32', 49, 385, '2025-09-03 03:21:57', NULL),
(100, 'Diskusi dengan tim lain', 21, 'Diskusi dengan PPIC & HRD permintaan MP M4 set', 'archived', '2025-09-03 03:23:28', '2025-09-03 03:23:32', '2025-09-03 04:04:18', '2025-09-11 08:25:33', 0, 40, '2025-09-03 03:23:52', NULL),
(101, 'Update Backup Data', 22, 'Update backup CHK10 bulanan', 'archived', '2025-09-03 03:25:58', '2025-09-03 03:26:13', '2025-09-03 04:08:03', '2025-09-03 05:53:58', 0, 41, '2025-09-03 03:26:28', '2025-09-03 04:08:02'),
(102, 'Diskusi dengan tim lain', 23, 'Diskusi dengan tim HRD dan PPIC', 'archived', '2025-09-03 03:26:09', '2025-09-03 03:26:11', '2025-09-03 06:06:28', '2025-09-11 08:25:34', 0, 160, '2025-09-03 03:26:36', NULL),
(103, 'Monitoring WIP', 22, 'Update monitoring WIP 2 September 2025', 'archived', '2025-09-03 05:43:39', '2025-09-03 05:43:41', '2025-09-03 05:53:25', '2025-09-03 05:53:55', 0, 9, '2025-09-03 05:44:09', NULL),
(104, 'Update Data', 23, 'Update Data Produksi', 'archived', '2025-09-03 06:15:12', '2025-09-03 06:15:14', '2025-09-04 00:43:02', '2025-09-11 08:25:36', 992, 1107, '2025-09-03 06:15:39', '2025-09-04 00:43:01'),
(105, 'Update CHK10', 22, 'Menghapus data planning week 22-25', 'archived', '2025-09-03 06:40:54', '2025-09-03 06:40:57', '2025-09-03 06:43:33', '2025-09-03 06:43:36', 0, 2, '2025-09-03 06:41:23', NULL),
(106, 'Monitoring New Style', 22, 'Memperbaiki penulisan tanggal', 'archived', '2025-09-03 06:44:46', '2025-09-03 06:44:48', '2025-09-03 06:56:30', '2025-09-03 06:56:32', 0, 11, '2025-09-03 06:45:16', NULL),
(107, 'Update CHK10', 22, 'Update database SPO', 'archived', '2025-09-03 06:57:38', '2025-09-03 06:57:41', '2025-09-03 06:59:47', '2025-09-11 08:25:36', 0, 2, '2025-09-03 06:58:08', NULL),
(108, 'Update Backup Data', 22, 'Update backup daily report', 'archived', '2025-09-03 07:03:06', '2025-09-03 07:03:10', '2025-09-03 07:06:35', '2025-09-03 07:06:36', 0, 3, '2025-09-03 07:03:36', NULL),
(109, 'Update CHK10', 22, 'Update rumus', 'archived', '2025-09-03 07:06:59', '2025-09-03 07:07:03', '2025-09-03 07:26:51', '2025-09-03 07:26:55', 0, 19, '2025-09-03 07:07:29', NULL),
(110, 'Review SOP', 21, 'Review SOP Induction dan Ijin', 'archived', '2025-09-03 07:20:24', '2025-09-03 07:20:28', '2025-09-03 09:47:06', '2025-09-11 08:25:37', 0, 146, '2025-09-03 07:20:50', NULL),
(111, 'Sosialisasi', 21, 'CI, Jam orang', 'archived', '2025-09-03 07:22:06', '2025-09-03 07:22:08', '2025-09-03 09:47:04', '2025-09-11 08:25:38', 0, 144, '2025-09-03 07:22:31', NULL),
(112, 'Meeting CI', 23, 'Meeting CI Golden Idea', 'archived', '2025-09-03 07:22:52', '2025-09-03 07:22:55', '2025-09-03 09:02:22', '2025-09-11 08:25:38', 0, 99, '2025-09-03 07:23:19', NULL),
(113, 'Monitoring WIP', 24, 'Update Data WIP 2/9/2025', 'archived', '2025-09-03 07:28:02', '2025-09-03 07:28:13', '2025-09-03 08:35:28', '2025-09-11 08:25:38', 0, 67, '2025-09-03 07:28:29', NULL),
(114, 'Meeting Lockplan', 22, 'Meeting lockplan week 36', 'archived', '2025-09-03 07:34:22', '2025-09-03 07:35:00', '2025-09-03 09:47:01', '2025-09-11 08:25:39', 0, 132, '2025-09-03 07:34:52', NULL),
(115, 'Meeting Lockplan', 22, 'Meeting lockplan week 36', 'archived', '2025-09-03 07:34:24', '2025-09-03 07:34:48', '2025-09-03 07:35:03', '2025-09-03 07:35:07', 0, 0, '2025-09-03 07:34:56', NULL),
(116, 'Meeting Lockplan', 22, 'Meeting lockplan week 36', 'archived', '2025-09-03 07:34:27', '2025-09-03 07:34:32', '2025-09-03 07:34:52', '2025-09-03 07:34:55', 0, 0, '2025-09-03 07:34:59', NULL),
(117, 'Review SOP', 23, 'SOP Technical', 'archived', '2025-09-03 08:22:54', '2025-09-03 08:24:34', '2025-09-03 08:24:43', '2025-09-11 08:40:04', 0, 0, '2025-09-03 08:23:20', NULL),
(118, 'Box Monitoring', 24, 'Update WIP CHK10, Sewing, Cutting 4/9/2025', 'archived', '2025-09-04 00:28:19', '2025-09-04 00:30:34', '2025-09-04 00:43:51', '2025-09-11 08:40:06', 0, 13, '2025-09-04 00:28:47', NULL),
(119, 'Daily Report', 22, 'Daily Report Sewing dan Supply 3 Sept', 'archived', '2025-09-04 00:34:09', '2025-09-04 00:34:15', '2025-09-04 01:16:51', '2025-09-11 08:40:07', 0, 42, '2025-09-04 00:34:39', NULL),
(120, 'Evaluasi Jam Orang Harian', 21, 'Evaluasi hari selasa dan rabu', 'archived', '2025-09-04 00:38:02', '2025-09-04 00:54:21', '2025-09-04 03:00:15', '2025-09-11 08:40:08', 0, 125, '2025-09-04 00:38:28', NULL),
(121, 'Update Data', 23, 'Update data produksi Agustus untuk share ke produksi', 'archived', '2025-09-04 00:44:09', '2025-09-04 00:44:12', '2025-09-04 01:44:12', '2025-09-11 08:40:08', 0, 60, '2025-09-04 00:44:38', NULL),
(122, 'Daily Report', 24, 'RFT & Downtime 3/9/2025', 'archived', '2025-09-04 00:44:35', '2025-09-04 00:44:44', '2025-09-04 01:13:01', '2025-09-11 08:40:09', 0, 28, '2025-09-04 00:45:03', NULL),
(123, 'Follow Up', 21, 'Follow up evidence CAP 85', 'archived', '2025-09-04 00:44:49', '2025-09-04 00:52:26', '2025-09-04 00:54:20', '2025-09-11 08:40:10', 0, 1, '2025-09-04 00:45:15', NULL),
(124, 'Weekly Report', 22, 'print weekly report', 'archived', '2025-09-04 01:21:41', '2025-09-04 01:21:43', '2025-09-04 01:33:41', '2025-09-11 08:40:10', 0, 11, '2025-09-04 01:22:11', NULL),
(125, 'Kanban App', 24, 'Trial Update Timestamp dan Tampilan', 'archived', '2025-09-04 01:31:04', '2025-09-04 01:31:08', '2025-09-04 06:28:50', '2025-09-11 08:40:11', 112, 297, '2025-09-04 01:31:32', NULL),
(126, 'Update CHK10', 22, 'Mengurangi baris', 'archived', '2025-09-04 01:35:53', '2025-09-04 01:35:54', '2025-09-04 01:41:13', '2025-09-04 01:41:18', 0, 5, '2025-09-04 01:36:23', NULL),
(128, 'Dashboard Garment', 23, 'Update dashboard garment', 'archived', '2025-09-04 01:44:53', '2025-09-04 01:51:54', '2025-09-04 03:09:34', '2025-09-11 08:40:11', 0, 77, '2025-09-04 01:45:23', NULL),
(129, 'Meeting Produksi', 22, 'Meeting Leader Sewing MGM 1', 'archived', '2025-09-04 01:59:24', '2025-09-04 01:59:26', '2025-09-04 02:45:04', '2025-09-11 08:40:12', 0, 45, '2025-09-04 01:59:54', NULL),
(130, 'Monitoring WIP', 22, 'WIP AB 03/09/2025', 'archived', '2025-09-04 02:56:28', '2025-09-04 02:56:30', '2025-09-04 03:07:10', '2025-09-11 08:40:13', 0, 10, '2025-09-04 02:56:58', NULL),
(131, 'Monitoring WIP', 24, 'WIP C/D dan G 3/9/2025', 'archived', '2025-09-04 02:59:16', '2025-09-04 02:59:19', '2025-09-04 03:35:46', '2025-09-11 08:40:14', 22, 36, '2025-09-04 02:59:45', NULL),
(132, 'Diskusi dengan tim lain', 21, 'Membuat format data jam orang vs output', 'archived', '2025-09-04 02:59:25', '2025-09-04 02:59:37', '2025-09-04 03:10:19', '2025-09-11 08:40:14', 0, 10, '2025-09-04 02:59:54', NULL),
(133, 'Gemba', 21, 'Fasilitator gemba managerial', 'archived', '2025-09-04 03:00:06', '2025-09-04 03:10:05', '2025-09-04 06:22:49', '2025-09-11 08:40:15', 0, 192, '2025-09-04 03:00:35', NULL),
(134, 'Monitoring New Style', 22, 'Update tanggal berdasarkan database PIC', 'archived', '2025-09-04 03:07:56', '2025-09-04 03:07:57', '2025-09-04 05:40:59', '2025-09-11 08:40:16', 0, 153, '2025-09-04 03:08:26', '2025-09-04 04:30:37'),
(135, 'Meeting', 23, 'Meeting PAKI dengan Pak Ray', 'archived', '2025-09-04 02:09:29', '2025-09-04 02:09:31', '2025-09-04 04:23:02', '2025-09-11 08:40:05', 0, 134, '2025-09-03 19:09:28', NULL),
(136, 'Update CHK10', 22, 'Update SPO', 'archived', '2025-09-04 05:41:27', '2025-09-04 05:41:28', '2025-09-04 05:45:17', '2025-09-11 08:40:19', 0, 3, '2025-09-04 05:41:57', NULL),
(137, 'Update Backup Data', 22, 'Update backup daily report', 'archived', '2025-09-04 06:08:44', '2025-09-04 06:08:46', '2025-09-04 06:22:47', '2025-09-11 08:40:20', 0, 14, '2025-09-04 06:09:15', NULL),
(138, 'Sosialisasi', 21, 'mengikuti sosialisasi WP', 'archived', '2025-09-04 06:29:17', '2025-09-04 06:29:21', '2025-09-04 07:31:02', '2025-09-11 08:40:20', 0, 61, '2025-09-04 06:29:46', NULL),
(139, 'Sosialisasi', 24, 'Meeting Project WP', 'archived', '2025-09-04 06:30:02', '2025-09-04 06:30:05', '2025-09-04 07:31:04', '2025-09-11 08:40:21', 0, 60, '2025-09-04 06:30:31', NULL),
(140, 'Sosialisasi', 22, 'Meeting project WP', 'archived', '2025-09-04 06:49:40', '2025-09-04 06:49:42', '2025-09-04 07:31:07', '2025-09-11 08:40:22', 0, 41, '2025-09-04 06:50:11', NULL),
(141, 'Sosialisasi', 23, 'Meeting Project WP', 'archived', '2025-09-04 06:50:33', '2025-09-04 06:50:35', '2025-09-04 07:31:08', '2025-09-11 08:40:22', 0, 40, '2025-09-04 06:51:04', NULL),
(142, 'Kanban App', 24, 'Trial Update Fitur Edit', 'archived', '2025-09-04 07:41:10', '2025-09-04 07:41:12', '2025-09-04 09:34:32', '2025-09-11 08:40:23', 0, 113, '2025-09-04 07:41:39', NULL),
(143, 'Check Line Balancing', 21, 'Check balancing sewing W36', 'archived', '2025-09-04 07:41:36', '2025-09-04 07:42:43', '2025-09-04 09:34:34', '2025-09-11 08:40:24', 0, 111, '2025-09-04 07:42:06', NULL),
(144, 'Learning', 22, 'Mempelajari isi glove spec', 'archived', '2025-09-04 07:42:33', '2025-09-04 07:42:35', '2025-09-04 09:29:37', '2025-09-11 08:40:25', 33, 107, '2025-09-04 07:43:04', NULL),
(145, 'Meeting', 23, 'Meeting WP', 'archived', '2025-09-04 06:00:11', '2025-09-04 06:00:14', '2025-09-04 08:12:33', '2025-09-11 08:40:25', 0, 132, '2025-09-04 08:10:10', NULL),
(146, 'Update Data', 23, 'Update Dashboard Produksi', 'archived', '2025-09-04 08:16:45', '2025-09-04 08:16:46', '2025-09-04 09:29:20', '2025-09-11 08:40:29', 0, 72, '2025-09-04 08:17:14', NULL),
(263, 'Update CHK10', 22, 'update spo', 'archived', '2025-09-11 05:34:14', '2025-09-11 05:34:19', '2025-09-11 05:34:22', '2025-09-11 05:34:25', 0, 0, '2025-09-11 05:34:49', NULL),
(269, 'Monitoring WIP', 24, 'WIP C, D dan Garment 10/9/2025', 'archived', '2025-09-11 08:22:46', '2025-09-11 08:22:49', '2025-09-11 08:56:55', '2025-09-11 09:21:09', 0, 34, '2025-09-11 08:23:17', NULL),
(289, 'Ada', 24, 'Test', 'archived', '2025-09-12 04:07:32', '2025-09-12 04:07:42', '2025-09-12 04:07:45', '2025-09-12 04:07:56', 0, 0, '2025-09-12 04:08:04', NULL);

-- --------------------------------------------------------

--
-- Table structure for table `pics`
--

CREATE TABLE `pics` (
  `id` bigint(20) NOT NULL,
  `name` varchar(255) NOT NULL,
  `created_at` timestamp NOT NULL DEFAULT current_timestamp()
) ENGINE=InnoDB DEFAULT CHARSET=utf8mb4 COLLATE=utf8mb4_general_ci;

--
-- Dumping data for table `pics`
--

INSERT INTO `pics` (`id`, `name`, `created_at`) VALUES
(21, 'Indah', '2025-08-28 06:25:51'),
(22, 'Annisa', '2025-08-28 06:25:55'),
(23, 'Dani', '2025-08-28 06:26:29'),
(24, 'Bagus', '2025-09-02 00:51:12'),
(25, 'Ahmudi', '2025-09-11 00:49:26');

-- --------------------------------------------------------

--
-- Table structure for table `tasks`
--

CREATE TABLE `tasks` (
  `id` bigint(20) NOT NULL,
  `content` varchar(255) NOT NULL,
  `pic_id` bigint(20) DEFAULT NULL,
  `detail` text DEFAULT NULL,
  `status` enum('todo','on progress','done','archived') NOT NULL DEFAULT 'todo',
  `timestamp_todo` timestamp NULL DEFAULT NULL,
  `timestamp_progress` timestamp NULL DEFAULT NULL,
  `timestamp_done` timestamp NULL DEFAULT NULL,
  `timestamp_archived` timestamp NULL DEFAULT NULL,
  `minute_pause` int(11) DEFAULT 0,
  `minute_activity` int(11) DEFAULT 0,
  `pause_time` timestamp NULL DEFAULT NULL,
  `created_at` timestamp NOT NULL DEFAULT current_timestamp(),
  `updated_at` timestamp NOT NULL DEFAULT current_timestamp()
) ENGINE=InnoDB DEFAULT CHARSET=utf8mb4 COLLATE=utf8mb4_general_ci;

--
-- Dumping data for table `tasks`
--

INSERT INTO `tasks` (`id`, `content`, `pic_id`, `detail`, `status`, `timestamp_todo`, `timestamp_progress`, `timestamp_done`, `timestamp_archived`, `minute_pause`, `minute_activity`, `pause_time`, `created_at`, `updated_at`) VALUES
(143, 'Check Line Balancing', 21, 'Check balancing sewing W36', 'archived', '2025-09-04 07:41:36', '2025-09-04 07:42:43', '2025-09-04 09:34:34', '2025-09-11 08:40:24', 0, 111, NULL, '2025-09-04 07:42:06', '2025-09-19 09:02:50'),
(144, 'Learning', 22, 'Mempelajari isi glove spec', 'archived', '2025-09-04 07:42:33', '2025-09-04 07:42:35', '2025-09-04 09:29:37', '2025-09-11 08:40:25', 33, 107, NULL, '2025-09-04 07:43:04', '2025-09-19 09:02:50'),
(146, 'Update Data', 23, 'Update Dashboard Produksi', 'archived', '2025-09-04 08:16:45', '2025-09-04 08:16:46', '2025-09-04 09:29:20', '2025-09-11 08:40:29', 0, 72, NULL, '2025-09-04 08:17:14', '2025-09-19 09:02:50'),
(147, 'Daily Report', 22, 'Daily report sewing dan supply 04/09/2025', 'archived', '2025-09-06 00:27:11', '2025-09-06 00:27:13', '2025-09-06 01:28:59', '2025-09-18 02:19:15', 0, 61, NULL, '2025-09-06 00:27:41', '2025-09-19 09:02:50'),
(148, 'Box Monitoring', 24, 'Update WIP CHK10, Sewing, dan Cutting 6/9/2025', 'archived', '2025-09-06 00:28:44', '2025-09-06 00:29:05', '2025-09-06 00:38:26', '2025-09-12 07:54:49', 0, 9, NULL, '2025-09-06 00:29:13', '2025-09-19 09:02:50'),
(149, 'Daily Report', 24, 'RFT & Downtime 4/9/2025', 'archived', '2025-09-06 00:39:00', '2025-09-06 00:39:03', '2025-09-06 01:29:30', '2025-09-12 07:54:51', 0, 50, NULL, '2025-09-06 00:39:29', '2025-09-19 09:02:50'),
(150, 'Review Data', 23, 'Review Data Sistem untuk Dashboard Flow SPO', 'done', '2025-09-06 00:26:17', '2025-09-06 00:30:21', '2025-09-06 00:58:00', NULL, 0, 27, NULL, '2025-09-05 17:56:47', '2025-09-19 09:02:50'),
(151, 'Meeting', 23, 'Meeting Review Internal Data Analyst', 'done', '2025-09-06 00:58:21', '2025-09-06 00:58:26', '2025-09-06 01:33:30', NULL, 0, 35, NULL, '2025-09-06 00:58:52', '2025-09-19 09:02:50'),
(152, 'Meeting', 22, 'Meeting review internal', 'archived', '2025-09-06 01:29:15', '2025-09-06 01:29:17', '2025-09-06 01:41:10', '2025-09-18 02:19:16', 0, 11, NULL, '2025-09-06 01:29:45', '2025-09-19 09:02:50'),
(153, 'Meeting', 24, 'Meeting Internal W36', 'archived', '2025-09-06 01:30:46', '2025-09-06 01:32:34', '2025-09-06 01:41:09', '2025-09-12 07:54:52', 0, 8, NULL, '2025-09-06 01:30:21', '2025-09-19 09:02:50'),
(154, 'Kanban App', 24, 'Update Fitur Edit', 'archived', '2025-09-06 01:33:19', '2025-09-06 01:44:06', '2025-09-06 06:06:50', '2025-09-12 07:54:53', 16, 262, NULL, '2025-09-06 01:33:49', '2025-09-19 09:02:50'),
(155, 'Review Data', 23, 'Review Data Sistem untuk masuk ke dashboard SPO', 'done', '2025-09-06 01:34:20', '2025-09-06 01:34:26', '2025-09-06 05:55:11', NULL, 50, 260, NULL, '2025-09-05 18:34:51', '2025-09-19 09:02:50'),
(156, 'Weekly Report', 22, 'Update weekly report W36', 'archived', '2025-09-06 01:41:40', '2025-09-06 01:44:10', '2025-09-06 02:09:19', '2025-09-18 02:19:16', 0, 25, NULL, '2025-09-06 01:42:11', '2025-09-19 09:02:50'),
(157, 'Evaluasi Data', 23, 'Evaluasi data SMI tim Development dan improve', 'done', '2025-09-06 01:44:46', '2025-09-06 01:44:48', '2025-09-06 02:03:04', NULL, 0, 18, NULL, '2025-09-06 01:45:17', '2025-09-19 09:02:50'),
(158, 'Update CHK10', 22, 'Prepare sheet W36', 'archived', '2025-09-06 02:09:44', '2025-09-06 02:09:45', '2025-09-06 04:44:40', '2025-09-18 02:19:16', 0, 154, NULL, '2025-09-06 02:10:14', '2025-09-19 09:02:50'),
(159, 'Monitoring WIP', 24, 'WIP Garment 4/9/2025', 'archived', '2025-09-06 03:45:46', '2025-09-06 03:45:49', '2025-09-06 03:59:25', '2025-09-12 07:54:54', 0, 13, NULL, '2025-09-06 03:46:15', '2025-09-19 09:02:50'),
(160, 'Monitoring WIP', 24, 'WIP CD 4/9/2025', 'archived', '2025-09-06 03:59:57', '2025-09-06 03:59:59', '2025-09-06 04:02:24', '2025-09-12 07:54:55', 0, 2, NULL, '2025-09-06 04:00:25', '2025-09-19 09:02:50'),
(161, 'Update CHK10', 22, 'Update template sheet week CHK10', 'archived', '2025-09-06 04:45:02', '2025-09-06 04:45:09', '2025-09-06 04:50:40', '2025-09-18 02:19:17', 0, 5, NULL, '2025-09-06 04:45:32', '2025-09-19 09:02:50'),
(162, 'Update CHK10', 22, 'Update database SPO', 'archived', '2025-09-06 04:50:58', '2025-09-06 04:51:03', '2025-09-06 04:54:56', '2025-09-18 02:19:17', 0, 3, NULL, '2025-09-06 04:51:28', '2025-09-19 09:02:50'),
(163, 'Monitoring WIP', 22, 'WIP AB 04/09/2025', 'archived', '2025-09-06 04:55:17', '2025-09-06 04:55:23', '2025-09-06 05:08:14', '2025-09-18 02:19:22', 0, 12, NULL, '2025-09-06 04:55:47', '2025-09-19 09:02:50'),
(165, 'Meeting', 23, 'Meeting dengan tim Development', 'done', '2025-09-06 04:21:25', '2025-09-06 04:23:26', '2025-09-06 04:59:32', NULL, 0, 36, NULL, '2025-09-06 04:58:55', '2025-09-19 09:02:50'),
(166, 'Update CHK10', 22, 'Cek pengisian', 'archived', '2025-09-06 05:08:34', '2025-09-06 05:08:35', '2025-09-06 05:36:11', '2025-09-18 02:19:24', 0, 27, NULL, '2025-09-06 05:09:04', '2025-09-19 09:02:50'),
(167, 'Update CHK10', 22, 'Update penamaan database SPO merino wool', 'archived', '2025-09-06 05:36:30', '2025-09-06 05:36:31', '2025-09-06 05:51:11', '2025-09-18 02:19:26', 0, 14, NULL, '2025-09-06 05:37:00', '2025-09-19 09:02:50'),
(168, 'Weekly Report', 22, 'cek pengisian', 'archived', '2025-09-06 05:51:31', '2025-09-06 05:51:33', '2025-09-06 06:06:49', '2025-09-18 02:19:28', 0, 15, NULL, '2025-09-06 05:52:01', '2025-09-19 09:02:50'),
(169, 'Diskusi dengan tim lain', 23, 'Diskusi dengan Pak Hasta', 'done', '2025-09-06 05:33:52', '2025-09-06 05:33:53', '2025-09-06 05:54:57', NULL, 0, 21, NULL, '2025-09-05 22:33:23', '2025-09-19 09:02:50'),
(170, 'Box Monitoring', 24, 'Update WIP CHK10, Sewing, dan Cutting 8/9/2025', 'archived', '2025-09-08 00:28:11', '2025-09-08 00:28:15', '2025-09-08 00:48:44', '2025-09-12 07:54:58', 0, 20, NULL, '2025-09-08 00:28:42', '2025-09-19 09:02:50'),
(171, 'Daily Report', 22, 'daily report sewing dan supply 06/09/2025', 'archived', '2025-09-08 00:28:30', '2025-09-08 00:28:32', '2025-09-08 01:15:31', '2025-09-18 02:19:29', 0, 46, NULL, '2025-09-08 00:29:01', '2025-09-19 09:02:50'),
(172, 'Stand Up Meeting Tim Data Analyst', 23, 'SUM Tim Data Analyst', 'done', '2025-09-08 00:30:06', '2025-09-08 00:33:08', '2025-09-08 00:48:21', NULL, 0, 15, NULL, '2025-09-07 17:30:37', '2025-09-19 09:02:50'),
(173, 'Dashboard', 23, 'Dashboard Produksi', 'done', '2025-09-08 00:48:53', '2025-09-08 00:48:54', '2025-09-08 02:01:33', NULL, 0, 72, NULL, '2025-09-07 17:49:23', '2025-09-19 09:02:50'),
(174, 'Daily Report', 24, 'RFT & Downtime 6/9/2025', 'archived', '2025-09-08 00:49:09', '2025-09-08 00:49:10', '2025-09-08 01:02:31', '2025-09-12 07:54:59', 0, 13, NULL, '2025-09-08 00:49:39', '2025-09-19 09:02:50'),
(177, 'Check Line Balancing', 21, 'Check balanacing D dan email', 'done', '2025-09-08 00:58:38', '2025-09-08 00:59:09', '2025-09-08 01:25:39', NULL, 0, 26, NULL, '2025-09-08 00:59:08', '2025-09-19 09:02:50'),
(178, 'Box Monitoring', 24, 'Update Status SPO', 'archived', '2025-09-08 01:03:08', '2025-09-08 01:03:11', '2025-09-08 01:18:14', '2025-09-12 07:54:59', 0, 15, NULL, '2025-09-08 01:03:39', '2025-09-19 09:02:50'),
(179, 'Update CHK10', 22, 'update CHK10 bulanan', 'archived', '2025-09-08 01:16:29', '2025-09-08 01:16:31', '2025-09-08 01:26:35', '2025-09-18 02:19:31', 0, 10, NULL, '2025-09-08 01:17:01', '2025-09-19 09:02:50'),
(180, 'Kanban App', 24, 'Update Tampilan', 'archived', '2025-09-08 01:18:27', '2025-09-08 01:18:29', '2025-09-08 09:35:31', '2025-09-12 07:55:00', 152, 497, NULL, '2025-09-08 01:18:58', '2025-09-19 09:02:50'),
(181, 'Update Matriks Skill', 21, 'Benerin format skill matriks garment', 'done', '2025-09-08 01:25:27', '2025-09-08 01:25:41', '2025-09-08 01:48:43', NULL, 0, 23, NULL, '2025-09-08 01:25:57', '2025-09-19 09:02:50'),
(182, 'Weekly Report', 22, 'update weekly report w36', 'archived', '2025-09-08 01:26:50', '2025-09-08 01:26:51', '2025-09-08 05:33:06', '2025-09-18 02:19:32', 0, 246, NULL, '2025-09-08 01:27:21', '2025-09-19 09:02:50'),
(183, 'Evaluasi Jam Orang Mingguan', 21, 'Check W36 all day', 'done', '2025-09-08 01:49:03', '2025-09-08 01:49:06', '2025-09-08 07:36:28', NULL, 62, 285, NULL, '2025-09-08 01:49:33', '2025-09-19 09:02:50'),
(185, 'Dashboard', 23, 'Dashboard Flow SPO', 'done', '2025-09-08 02:03:25', '2025-09-08 02:03:32', '2025-09-08 09:35:54', NULL, 246, 206, NULL, '2025-09-08 02:03:55', '2025-09-19 09:02:50'),
(186, 'Review Data', 23, 'Review Data Activity Mekanik', 'done', '2025-09-08 02:38:59', '2025-09-08 02:39:01', '2025-09-08 04:20:55', NULL, 80, 22, NULL, '2025-09-07 19:39:29', '2025-09-19 09:02:50'),
(187, 'Meeting', 23, 'Meeting dengan tim Garmen', 'done', '2025-09-08 03:00:15', '2025-09-08 03:01:16', '2025-09-08 05:42:53', NULL, 62, 161, NULL, '2025-09-07 20:00:15', '2025-09-19 09:02:50'),
(188, 'Update CHK10', 22, 'update database SPO', 'archived', '2025-09-08 05:33:41', '2025-09-08 05:33:43', '2025-09-08 05:36:19', '2025-09-18 02:19:33', 0, 2, NULL, '2025-09-08 05:34:13', '2025-09-19 09:02:50'),
(189, 'Monitoring WIP', 22, 'monitoring WIP AB 06/09/2025', 'archived', '2025-09-08 05:37:12', '2025-09-08 05:37:14', '2025-09-08 07:30:59', '2025-09-18 02:19:35', 95, 18, NULL, '2025-09-08 05:37:43', '2025-09-19 09:02:50'),
(190, 'Review Data', 22, 'Cek CHK10 vs WIP Week 36', 'archived', '2025-09-08 05:39:12', '2025-09-08 06:11:10', '2025-09-08 09:11:16', '2025-09-18 02:19:36', 59, 121, NULL, '2025-09-08 05:39:43', '2025-09-19 09:02:50'),
(191, 'Weekly Report', 22, 'update data repair', 'archived', '2025-09-08 05:49:31', '2025-09-08 05:49:32', '2025-09-08 09:11:29', '2025-09-18 03:55:23', 21, 180, NULL, '2025-09-08 05:50:02', '2025-09-19 09:02:50'),
(192, 'Monitoring WIP', 24, 'Update WIP CD & Garment 6/9/2025', 'archived', '2025-09-08 05:57:52', '2025-09-08 05:57:57', '2025-09-08 06:09:22', '2025-09-12 07:55:00', 0, 11, NULL, '2025-09-08 05:58:22', '2025-09-19 09:02:50'),
(193, 'Sosialisasi', 21, 'Sosialisasi checklist staff exim', 'done', '2025-09-08 06:30:54', '2025-09-08 06:31:04', '2025-09-08 07:36:22', NULL, 0, 65, NULL, '2025-09-08 06:31:25', '2025-09-19 09:02:50'),
(194, 'Meeting HRD', 21, 'Weekly 36', 'done', '2025-09-08 07:36:20', '2025-09-08 07:36:31', '2025-09-08 09:35:37', NULL, 0, 119, NULL, '2025-09-08 07:36:51', '2025-09-19 09:02:50'),
(195, 'Dashboard IHP', 24, 'Update Tampilan', 'archived', '2025-09-08 08:29:35', '2025-09-08 08:29:37', '2025-09-08 09:35:28', '2025-09-12 07:55:01', 0, 65, NULL, '2025-09-08 08:30:05', '2025-09-19 09:02:50'),
(196, 'Update Backup Data', 22, 'update backup w36', 'archived', '2025-09-08 09:11:45', '2025-09-08 09:11:49', '2025-09-08 09:35:22', '2025-09-18 03:55:24', 0, 23, NULL, '2025-09-08 09:12:16', '2025-09-19 09:02:50'),
(197, 'Pembuatan template Jam Orang Weekly', 21, 'Collect Jam Orang Link', 'done', '2025-09-09 00:47:53', '2025-09-09 00:47:56', '2025-09-09 01:54:42', NULL, 0, 66, NULL, '2025-09-09 00:48:24', '2025-09-19 09:02:50'),
(198, 'Box Monitoring', 24, 'Update WIP CHK10, Sewing, dan Cutting 9/9/2025', 'archived', '2025-09-09 00:49:04', '2025-09-09 00:49:06', '2025-09-09 01:03:49', '2025-09-12 07:55:02', 0, 14, NULL, '2025-09-09 00:49:35', '2025-09-19 09:02:50'),
(199, 'Daily Report', 22, 'report 08/09/2025', 'archived', '2025-09-09 00:58:32', '2025-09-09 00:58:33', '2025-09-09 01:22:05', '2025-09-18 03:55:24', 0, 23, NULL, '2025-09-09 00:59:03', '2025-09-19 09:02:50'),
(200, 'Stand Up Meeting Tim Data Analyst', 23, '', 'done', '2025-09-09 00:33:28', '2025-09-09 00:35:32', '2025-09-09 00:47:08', NULL, 0, 12, NULL, '2025-09-08 17:33:00', '2025-09-19 09:02:50'),
(201, 'Dashboard Garment', 23, 'Ubah sumber data dashboard Garment', 'done', '2025-09-09 01:04:59', '2025-09-09 01:05:04', '2025-09-09 09:46:55', NULL, 361, 521, NULL, '2025-09-08 18:05:31', '2025-09-19 09:02:50'),
(202, 'Daily Report', 24, 'RFT & Downtime 8/9/2025', 'archived', '2025-09-09 01:05:02', '2025-09-09 01:05:08', '2025-09-09 01:16:03', '2025-09-12 07:55:03', 0, 10, NULL, '2025-09-09 01:05:33', '2025-09-19 09:02:50'),
(203, 'Dashboard IHP', 24, 'Update Tampilan', 'archived', '2025-09-09 01:16:38', '2025-09-09 01:16:40', '2025-09-09 01:38:15', '2025-09-12 07:55:04', 0, 21, NULL, '2025-09-09 01:17:09', '2025-09-19 09:02:50'),
(204, 'Diskusi dengan tim lain', 22, 'diskusi dengan albila terkait efisiensi weekly report', 'archived', '2025-09-09 01:22:25', '2025-09-09 01:22:29', '2025-09-09 01:59:05', '2025-09-18 03:55:25', 0, 36, NULL, '2025-09-09 01:22:57', '2025-09-19 09:02:50'),
(205, 'Weekly Report', 22, 'Update data changeover line week 36', 'archived', '2025-09-09 01:32:18', '2025-09-09 02:15:40', '2025-09-09 02:36:26', '2025-09-18 03:55:26', 0, 20, NULL, '2025-09-09 01:32:49', '2025-09-19 09:02:50'),
(206, 'Email', 23, 'Cek dan Balas Email', 'done', '2025-09-09 01:35:28', '2025-09-09 01:35:33', '2025-09-09 01:44:22', NULL, 0, 8, NULL, '2025-09-09 01:36:00', '2025-09-19 09:02:50'),
(207, 'Kanban App', 24, 'Update Fitur Edit', 'archived', '2025-09-09 01:38:41', '2025-09-09 01:38:43', '2025-09-09 09:38:09', '2025-09-12 07:55:04', 301, 479, NULL, '2025-09-09 01:39:11', '2025-09-19 09:02:50'),
(208, 'Diskusi dengan tim lain', 21, 'Diskusi permintaan man power sample', 'done', '2025-09-09 01:54:28', '2025-09-09 01:54:31', '2025-09-09 02:15:58', NULL, 0, 21, NULL, '2025-09-09 01:54:58', '2025-09-19 09:02:50'),
(209, 'Update Data', 22, 'update report meeting briefing pagi 09/09/2025', 'archived', '2025-09-09 01:59:33', '2025-09-09 01:59:35', '2025-09-09 02:15:38', '2025-09-18 03:55:27', 0, 16, NULL, '2025-09-09 02:00:04', '2025-09-19 09:02:50'),
(210, 'Update OWE', 23, 'Update OWE w36', 'done', '2025-09-09 02:17:06', '2025-09-09 02:17:07', '2025-09-09 03:01:47', NULL, 0, 44, NULL, '2025-09-09 02:17:38', '2025-09-19 09:02:50'),
(211, 'Weekly Report', 22, 'update weekly report w36 dan print', 'archived', '2025-09-09 02:36:54', '2025-09-09 02:36:57', '2025-09-09 05:35:57', '2025-09-18 03:55:28', 0, 179, NULL, '2025-09-09 02:37:26', '2025-09-19 09:02:50'),
(212, 'Monitoring WIP', 22, 'monitoring WIP AB 08/09/2025', 'archived', '2025-09-09 05:36:20', '2025-09-09 05:36:22', '2025-09-09 06:03:06', '2025-09-18 03:55:28', 0, 26, NULL, '2025-09-09 05:36:52', '2025-09-19 09:02:50'),
(213, 'Update CHK10', 22, 'update database SPO', 'archived', '2025-09-09 06:03:23', '2025-09-09 06:03:25', '2025-09-09 06:07:17', '2025-09-18 03:55:29', 0, 3, NULL, '2025-09-09 06:03:56', '2025-09-19 09:02:50'),
(214, 'Monitoring New Style', 22, 'update tanggal berdasarkan database PIC', 'archived', '2025-09-09 06:07:37', '2025-09-09 06:07:38', '2025-09-09 07:25:48', '2025-09-18 03:55:29', 0, 78, NULL, '2025-09-09 06:08:10', '2025-09-19 09:02:50'),
(215, 'Meeting Kapasitas', 24, 'Mengisi bahan presentasi', 'archived', '2025-09-09 06:13:13', '2025-09-09 06:13:15', '2025-09-09 07:25:54', '2025-09-12 07:55:05', 0, 72, NULL, '2025-09-09 06:13:43', '2025-09-19 09:02:50'),
(216, 'Diskusi dengan tim lain', 23, 'Diskusi dengan tim QC mengenai RFT', 'done', '2025-09-09 06:22:37', '2025-09-09 06:22:39', '2025-09-09 07:14:48', NULL, 0, 52, NULL, '2025-09-09 06:23:09', '2025-09-19 09:02:50'),
(217, 'Meeting Kapasitas', 22, 'meeting kapasitas w36', 'archived', '2025-09-09 07:26:11', '2025-09-09 07:26:15', '2025-09-09 09:35:08', '2025-09-18 03:55:30', 0, 128, NULL, '2025-09-09 07:26:43', '2025-09-19 09:02:50'),
(218, 'Meeting Kapasitas', 24, 'Meeting Kapasitas W36', 'archived', '2025-09-09 07:26:21', '2025-09-09 07:26:23', '2025-09-09 09:35:05', '2025-09-12 07:55:05', 0, 128, NULL, '2025-09-09 07:26:51', '2025-09-19 09:02:50'),
(219, 'Meeting Kapasitas', 23, 'Meeting Kapasitas Week 36', 'done', '2025-09-09 07:38:25', '2025-09-09 07:38:26', '2025-09-09 09:35:03', NULL, 0, 116, NULL, '2025-09-09 07:38:57', '2025-09-19 09:02:50'),
(220, 'Meeting Kapasitas', 21, 'Meeting W36', 'done', '2025-09-09 08:51:13', '2025-09-09 08:51:16', '2025-09-09 09:31:46', NULL, 0, 40, NULL, '2025-09-09 08:51:44', '2025-09-19 09:02:50'),
(221, 'Daily Report', 22, 'report 09/09/2025', 'archived', '2025-09-10 00:49:46', '2025-09-10 00:49:52', '2025-09-10 01:25:27', '2025-09-18 03:55:31', 0, 35, NULL, '2025-09-10 00:50:19', '2025-09-19 09:02:50'),
(222, 'Box Monitoring', 24, 'Update WIP CHK10, Sewing, dan Cutting 10/9/2025', 'done', '2025-09-10 00:50:36', '2025-09-10 00:50:38', '2025-09-10 00:55:24', NULL, 0, 4, NULL, '2025-09-10 00:51:08', '2025-09-19 09:02:50'),
(223, 'Stand Up Meeting Tim Data Analyst', 23, '', 'done', '2025-09-10 00:30:00', '2025-09-10 00:30:00', '2025-09-10 00:43:07', NULL, 0, 13, NULL, '2025-09-09 17:30:00', '2025-09-19 09:02:50'),
(224, 'Update OWE', 23, 'Update OWE di tableau', 'done', '2025-09-10 00:52:55', '2025-09-10 00:53:02', '2025-09-10 01:49:43', NULL, 0, 56, NULL, '2025-09-10 00:53:29', '2025-09-19 09:02:50'),
(225, 'Daily Report', 24, 'RFT & Downtime 9/9/2025', 'done', '2025-09-10 00:55:49', '2025-09-10 00:55:51', '2025-09-10 01:24:15', NULL, 0, 28, NULL, '2025-09-10 00:56:21', '2025-09-19 09:02:50'),
(226, 'Evaluasi Jam Orang Harian', 21, 'Update jam kerja operasional dan follow up jam orang staff', 'done', '2025-09-10 00:58:25', '2025-09-10 00:58:36', '2025-09-10 04:26:34', NULL, 0, 207, NULL, '2025-09-10 00:58:56', '2025-09-19 09:02:50'),
(227, 'Kanban App', 24, 'Update fitur edit', 'done', '2025-09-10 01:24:38', '2025-09-10 01:24:39', '2025-09-10 09:30:19', NULL, 153, 332, NULL, '2025-09-10 01:25:09', '2025-09-19 09:02:50'),
(228, 'Update CHK10', 22, 'cek pengisian', 'archived', '2025-09-10 01:25:56', '2025-09-10 01:26:02', '2025-09-10 01:27:26', '2025-09-18 03:55:31', 0, 1, NULL, '2025-09-10 01:26:29', '2025-09-19 09:02:50'),
(229, 'Meeting Briefing Pagi', 22, 'update notulensi', 'archived', '2025-09-10 01:28:11', '2025-09-10 01:28:12', '2025-09-10 01:56:57', '2025-09-18 03:55:32', 0, 28, NULL, '2025-09-10 01:28:44', '2025-09-19 09:02:50'),
(230, 'Dashboard', 23, 'Update Dashboard Garment', 'done', '2025-09-10 01:49:36', '2025-09-10 01:49:40', '2025-09-10 12:50:43', NULL, 90, 661, '2025-09-09 23:11:20', '2025-09-10 01:50:09', '2025-09-19 09:02:50'),
(231, 'Update CHK10', 22, 'hapus baris yang tidak terpakai', 'archived', '2025-09-10 01:59:02', '2025-09-10 01:59:03', '2025-09-10 03:47:58', '2025-09-18 03:55:32', 0, 108, NULL, '2025-09-10 01:59:35', '2025-09-19 09:02:50'),
(232, 'Trial', 23, 'Trial Dokumen Lokal (NextCloud)', 'done', '2025-09-10 02:31:04', '2025-09-10 02:31:06', '2025-09-10 02:48:59', NULL, 0, 17, NULL, '2025-09-10 02:31:37', '2025-09-19 09:02:50'),
(233, 'Dashboard IHP', 24, 'Memperbaiki Tampilan', 'done', '2025-09-10 02:39:11', '2025-09-10 02:39:12', '2025-09-10 03:23:16', NULL, 0, 44, NULL, '2025-09-10 02:39:42', '2025-09-19 09:02:50'),
(234, 'Meeting Produksi', 21, 'Meeting man power sample', 'done', '2025-09-10 03:03:22', '2025-09-10 03:08:18', '2025-09-10 04:26:31', NULL, 0, 78, NULL, '2025-09-10 03:03:52', '2025-09-19 09:02:50'),
(235, 'Update Data', 22, 'Rekap problem sewing by SPO', 'archived', '2025-09-10 03:48:17', '2025-09-10 03:48:19', '2025-09-10 09:58:27', '2025-09-18 03:55:33', 156, 214, NULL, '2025-09-10 03:48:50', '2025-09-19 09:02:50'),
(236, 'Jobdesc', 23, 'Review Jobdesc Data Analyst', 'done', '2025-09-10 06:11:42', '2025-09-10 06:11:45', '2025-09-10 12:50:42', NULL, 0, 398, '2025-09-09 23:19:44', '2025-09-10 06:12:16', '2025-09-19 09:02:50'),
(237, 'Review Data', 23, 'Review Data Activity Development', 'done', '2025-09-10 06:20:03', '2025-09-10 06:20:05', '2025-09-10 07:18:13', NULL, 0, 58, NULL, '2025-09-10 06:20:37', '2025-09-19 09:02:50'),
(238, 'Evaluasi Jam Orang Harian', 21, 'Upload data hari kamis, jumat sabtu', 'done', '2025-09-10 06:26:02', '2025-09-10 06:26:05', '2025-09-10 08:17:28', NULL, 95, 111, NULL, '2025-09-10 06:26:33', '2025-09-19 09:02:50'),
(239, 'Meeting', 23, 'Meeting Manajemen PPIC', 'done', '2025-09-10 07:18:41', '2025-09-10 07:18:42', '2025-09-10 09:00:39', NULL, 0, 101, NULL, '2025-09-10 07:19:14', '2025-09-19 09:02:50'),
(240, 'Monitoring WIP', 24, 'Update WIP C,D, Garment 9/9/2025', 'done', '2025-09-10 08:04:06', '2025-09-10 08:04:08', '2025-09-10 08:36:54', NULL, 0, 32, NULL, '2025-09-10 08:04:37', '2025-09-19 09:02:50'),
(241, 'Meeting Lockplan', 22, 'Meeting lockplan Rabu 10/09/2025', 'archived', '2025-09-10 08:08:42', '2025-09-10 08:08:43', '2025-09-10 09:38:46', '2025-09-18 03:55:34', 0, 90, NULL, '2025-09-10 08:09:16', '2025-09-19 09:02:50'),
(242, 'CAP', 21, 'Membuat draft CAP Mekanik kepada PPIC', 'done', '2025-09-10 08:20:35', '2025-09-10 08:20:37', '2025-09-10 08:29:23', NULL, 0, 8, NULL, '2025-09-10 08:21:06', '2025-09-19 09:02:50'),
(243, 'Meeting Manajemen', 23, 'Meeting Manajemen Material', 'done', '2025-09-10 09:00:53', '2025-09-10 09:01:02', '2025-09-10 12:50:41', NULL, 0, 229, NULL, '2025-09-10 09:01:26', '2025-09-19 09:02:50'),
(244, 'Daily Report', 22, 'report sewing dan supply 10/09/2025', 'archived', '2025-09-11 00:22:41', '2025-09-11 00:22:42', '2025-09-11 01:32:47', '2025-09-18 03:55:34', 0, 70, NULL, '2025-09-11 00:23:15', '2025-09-19 09:02:50'),
(245, 'Stand Up Meeting Tim Data Analyst', 23, '11/9/2025', 'done', '2025-09-11 00:28:18', '2025-09-11 00:28:32', '2025-09-11 00:43:56', NULL, 0, 15, NULL, '2025-09-11 00:28:53', '2025-09-19 09:02:50'),
(246, 'SSE', 23, 'Menjelaskan SSE ke data analyst', 'done', '2025-09-11 00:45:28', '2025-09-11 00:45:31', '2025-09-11 01:08:22', NULL, 0, 22, NULL, '2025-09-11 00:46:02', '2025-09-19 09:02:50'),
(247, 'Update Matriks Skill', 21, 'Upload data man power updated', 'done', '2025-09-11 00:49:57', '2025-09-11 00:50:01', '2025-09-11 09:22:10', NULL, 0, 512, NULL, '2025-09-11 00:50:27', '2025-09-19 09:02:50'),
(248, 'Dashboard', 23, 'Penambahan tombol untuk memperbesar tabel', 'done', '2025-09-11 01:09:03', '2025-09-11 01:09:04', '2025-09-12 00:22:40', NULL, 0, 1393, '2025-09-12 02:00:08', '2025-09-11 01:09:37', '2025-09-19 09:02:50'),
(249, 'Box Monitoring', 24, 'Update WIP CHK10, Sewing, dan Cutting 11/9/2025', 'done', '2025-09-11 01:11:30', '2025-09-11 01:11:36', '2025-09-11 01:15:08', NULL, 0, 3, NULL, '2025-09-11 01:12:01', '2025-09-19 09:02:50'),
(250, 'Daily Report', 24, 'RFT & Downtime 10/9/2025', 'done', '2025-09-11 01:15:50', '2025-09-11 01:15:58', '2025-09-11 01:27:00', NULL, 0, 11, NULL, '2025-09-11 01:16:21', '2025-09-19 09:02:50'),
(251, 'Box Monitoring', 24, 'Update Status SPO', 'done', '2025-09-11 01:26:49', '2025-09-11 01:27:02', '2025-09-11 01:57:55', NULL, 0, 30, NULL, '2025-09-11 01:27:21', '2025-09-19 09:02:50'),
(252, 'Update CHK10', 22, 'cek pengisian', 'archived', '2025-09-11 01:33:06', '2025-09-11 01:33:07', '2025-09-11 01:48:35', '2025-09-18 03:55:35', 0, 15, NULL, '2025-09-11 01:33:40', '2025-09-19 09:02:50'),
(253, 'Meeting Briefing Pagi', 22, 'mengisi report', 'archived', '2025-09-11 01:48:58', '2025-09-11 01:48:59', '2025-09-11 03:18:08', '2025-09-18 03:55:36', 0, 89, NULL, '2025-09-11 01:49:32', '2025-09-19 09:02:50'),
(254, 'Update Data', 22, 'collect data problem', 'archived', '2025-09-11 02:02:36', '2025-09-11 02:02:37', '2025-09-11 03:34:22', '2025-09-18 03:55:36', 0, 91, NULL, '2025-09-11 02:03:10', '2025-09-19 09:02:50'),
(255, 'Kanban App', 24, 'Perbaiki Bug', 'done', '2025-09-11 02:04:18', '2025-09-11 05:43:03', '2025-09-11 09:41:46', NULL, 34, 204, NULL, '2025-09-11 02:04:49', '2025-09-19 09:02:50'),
(256, 'Meeting Manajemen', 23, 'Meeting Manajemen HRGA', 'done', '2025-09-11 02:10:55', '2025-09-11 02:10:57', '2025-09-11 04:45:06', NULL, 0, 154, NULL, '2025-09-11 02:11:30', '2025-09-19 09:02:50'),
(257, 'SSE', 24, 'Meeting SSE', 'on progress', '2025-09-11 02:11:34', '2025-09-11 02:11:36', NULL, NULL, 0, 0, NULL, '2025-09-11 02:12:05', '2025-09-19 09:10:35'),
(258, 'Meeting Manajemen', 21, 'hr topic', 'done', '2025-09-11 02:22:01', '2025-09-11 02:22:07', '2025-09-11 04:13:15', NULL, 0, 111, NULL, '2025-09-11 02:22:33', '2025-09-19 09:02:50'),
(259, 'Monitoring WIP', 22, 'monitoring WIP AB 9-10 Sept', 'archived', '2025-09-11 03:35:01', '2025-09-11 03:35:02', '2025-09-11 04:31:12', '2025-09-18 03:55:37', 0, 56, NULL, '2025-09-11 03:35:35', '2025-09-19 09:02:50'),
(260, 'Meeting Manajemen', 25, 'topic HR', 'done', '2025-09-11 04:13:54', '2025-09-11 07:49:31', '2025-09-12 04:30:00', NULL, 0, 1240, NULL, '2025-09-11 04:14:26', '2025-09-19 09:02:50'),
(261, 'Meeting Manajemen', 25, 'topic HR', 'done', '2025-09-11 04:13:58', '2025-09-11 04:15:27', '2025-09-12 04:30:02', NULL, 0, 1454, NULL, '2025-09-11 04:14:35', '2025-09-19 09:02:50'),
(262, 'Meeting Manajemen', 23, 'Meeting Manajemen Plant Manager', 'done', '2025-09-11 04:45:03', '2025-09-11 04:45:04', '2025-09-11 08:27:07', NULL, 0, 222, NULL, '2025-09-11 04:45:37', '2025-09-19 09:02:50'),
(263, 'Update CHK10', 22, 'update spo', 'archived', '2025-09-11 05:34:14', '2025-09-11 05:34:19', '2025-09-11 05:34:22', '2025-09-11 05:34:25', 0, 0, NULL, '2025-09-11 05:34:49', '2025-09-19 09:02:50'),
(264, 'Update CHK10', 22, 'update spo', 'archived', '2025-09-11 05:34:16', '2025-09-11 05:34:21', '2025-09-11 05:56:44', '2025-09-18 03:55:37', 0, 22, NULL, '2025-09-11 05:34:50', '2025-09-19 09:02:50'),
(265, 'Update CHK10', 22, 'update template', 'archived', '2025-09-11 05:57:11', '2025-09-11 05:57:12', '2025-09-11 09:38:00', '2025-09-18 03:55:38', 0, 220, NULL, '2025-09-11 05:57:45', '2025-09-19 09:02:50'),
(266, 'Diskusi dengan tim lain', 22, 'diskusi dengan data entry sewing', 'archived', '2025-09-11 06:33:46', '2025-09-11 06:33:47', '2025-09-11 08:18:40', '2025-09-18 03:55:39', 0, 104, NULL, '2025-09-11 06:34:20', '2025-09-19 09:02:50'),
(267, 'Evaluasi Jam Orang Harian', 21, 'Koreksi jam orang staff Packing', 'done', '2025-09-11 07:49:24', '2025-09-11 07:49:29', '2025-09-11 09:22:06', NULL, 0, 92, NULL, '2025-09-11 07:49:56', '2025-09-19 09:02:50'),
(268, 'Update Data', 22, 'isi form IDP', 'archived', '2025-09-11 08:19:07', '2025-09-11 08:19:10', '2025-09-11 08:33:12', '2025-09-18 03:55:40', 0, 14, NULL, '2025-09-11 08:19:41', '2025-09-19 09:02:50'),
(269, 'Monitoring WIP', 24, 'WIP C, D dan Garment 10/9/2025', 'archived', '2025-09-11 08:22:46', '2025-09-11 08:22:49', '2025-09-11 08:56:55', '2025-09-11 09:21:09', 0, 34, NULL, '2025-09-11 08:23:17', '2025-09-19 09:02:50'),
(270, 'Meeting Manajemen', 23, 'Meeting Manajemen Order', 'done', '2025-09-11 08:27:03', '2025-09-11 08:27:08', '2025-09-11 09:50:01', NULL, 0, 82, NULL, '2025-09-11 08:27:38', '2025-09-19 09:02:50'),
(271, 'Diskusi dengan tim lain', 22, 'diskusi dengan data entry', 'archived', '2025-09-11 08:33:34', '2025-09-11 08:33:35', '2025-09-11 09:38:01', '2025-09-18 03:55:40', 0, 64, NULL, '2025-09-11 08:34:08', '2025-09-19 09:02:50'),
(272, 'Meeting', 23, 'Meeting Memo Spare M4', 'done', '2025-09-11 09:50:34', '2025-09-11 09:50:38', '2025-09-11 11:10:35', NULL, 0, 80, NULL, '2025-09-11 09:51:09', '2025-09-19 09:02:50'),
(273, 'Stand Up Meeting Tim Data Analyst', 23, '12/9/25', 'done', '2025-09-12 00:24:52', '2025-09-12 00:28:36', '2025-09-12 00:38:33', NULL, 0, 9, NULL, '2025-09-12 00:25:24', '2025-09-19 09:02:50'),
(274, 'Daily Report', 22, 'report 11/09/2025', 'archived', '2025-09-12 00:25:02', '2025-09-12 00:25:04', '2025-09-12 01:35:41', '2025-09-18 03:55:41', 0, 70, NULL, '2025-09-12 00:25:34', '2025-09-19 09:02:50'),
(275, 'Standup Meeting Decathlon', 23, '12/9/25', 'done', '2025-09-12 00:25:23', '2025-09-12 02:31:09', '2025-09-12 03:36:00', NULL, 0, 64, NULL, '2025-09-12 00:25:55', '2025-09-19 09:02:50'),
(276, 'Update Data', 23, 'Update Production Data', 'done', '2025-09-12 00:26:24', '2025-09-12 00:26:37', '2025-09-12 02:31:33', NULL, 0, 124, NULL, '2025-09-12 00:26:56', '2025-09-19 09:02:50'),
(277, 'Diskusi dengan tim lain', 23, 'Followup Monitoring New Style', 'done', '2025-09-12 00:38:57', '2025-09-12 00:39:07', '2025-09-12 03:36:12', NULL, 0, 177, NULL, '2025-09-12 00:39:30', '2025-09-19 09:02:50'),
(278, 'Box Monitoring', 24, 'Update WIP CHK10, Sewing, dan Cutting 12/9/2025', 'done', '2025-09-12 00:43:39', '2025-09-12 00:44:15', '2025-09-12 01:14:12', NULL, 0, 29, NULL, '2025-09-12 00:44:13', '2025-09-19 09:02:50'),
(279, 'Daily Report', 24, 'RFT & Downtime 11/9/2025', 'done', '2025-09-12 01:00:33', '2025-09-12 01:01:14', '2025-09-12 01:14:18', NULL, 0, 13, NULL, '2025-09-12 01:01:06', '2025-09-19 09:02:50'),
(280, 'Kanban App', 24, 'Update fitur Filter by PIC', 'done', '2025-09-12 01:16:14', '2025-09-12 01:16:29', '2025-09-12 03:51:54', NULL, 0, 155, NULL, '2025-09-12 01:16:47', '2025-09-19 09:02:50'),
(281, 'Meeting Produksi', 22, 'meeting leader mgm 2', 'archived', '2025-09-12 01:36:03', '2025-09-12 01:36:06', '2025-09-12 02:12:54', '2025-09-18 03:55:41', 0, 36, NULL, '2025-09-12 01:36:37', '2025-09-19 09:02:50'),
(282, 'Meeting Produksi', 22, 'isi notulensi MoM', 'archived', '2025-09-12 02:14:23', '2025-09-12 02:14:28', '2025-09-12 02:25:33', '2025-09-18 03:55:42', 0, 11, NULL, '2025-09-12 02:14:58', '2025-09-19 09:02:50'),
(283, 'Monitoring New Style', 22, 'followup ke PPIC dan MD', 'archived', '2025-09-12 02:25:47', '2025-09-12 02:25:49', '2025-09-12 03:11:24', '2025-09-18 03:55:43', 0, 45, NULL, '2025-09-12 02:26:23', '2025-09-19 09:02:50'),
(284, 'Update CHK10', 22, 'cek pengisian', 'archived', '2025-09-12 03:11:34', '2025-09-12 03:11:36', '2025-09-12 03:15:28', '2025-09-18 03:55:43', 0, 3, NULL, '2025-09-12 03:12:09', '2025-09-19 09:02:50'),
(285, 'Update CHK10', 22, 'update template', 'archived', '2025-09-12 03:15:37', '2025-09-12 03:15:38', '2025-09-12 04:09:22', '2025-09-18 03:55:44', 0, 53, NULL, '2025-09-12 03:16:12', '2025-09-19 09:02:50'),
(286, 'Meeting', 21, 'Notulensi meeting mekanik dng plant', 'done', '2025-09-12 03:34:41', '2025-09-12 03:34:46', '2025-09-12 06:48:57', NULL, 0, 194, NULL, '2025-09-12 03:35:13', '2025-09-19 09:02:50'),
(287, '', NULL, '', 'done', '2025-09-12 03:34:43', '2025-09-12 06:49:01', '2025-09-12 09:46:47', NULL, 0, 177, NULL, '2025-09-12 03:35:15', '2025-09-19 09:02:50'),
(288, 'Dashboard', 23, 'Update dashboard SPO traceability', 'done', '2025-09-12 03:37:08', '2025-09-12 03:37:10', '2025-09-12 08:07:16', NULL, 90, 180, NULL, '2025-09-12 03:37:40', '2025-09-19 09:02:50'),
(290, 'Update Backup Data', 22, 'update w36', 'archived', '2025-09-12 04:09:34', '2025-09-12 04:09:36', '2025-09-12 04:29:45', '2025-09-18 03:55:45', 0, 20, NULL, '2025-09-12 04:10:10', '2025-09-19 09:02:50'),
(291, 'Monitoring WIP', 24, 'WIP Garment 11/9/2025', 'done', '2025-09-11 21:28:12', '2025-09-12 04:28:15', '2025-09-12 06:15:39', NULL, 90, 17, NULL, '2025-09-12 04:28:45', '2025-09-19 09:02:50'),
(292, 'Monitoring WIP', 22, 'WIP AB 11/09/2025', 'archived', '2025-09-12 06:03:45', '2025-09-12 06:03:46', '2025-09-12 06:20:22', '2025-09-18 03:55:45', 0, 16, NULL, '2025-09-12 06:04:19', '2025-09-19 09:02:50'),
(293, 'Monitoring New Style', 22, 'followup dan cek pengisian', 'archived', '2025-09-12 06:20:44', '2025-09-12 06:20:44', '2025-09-12 10:00:29', '2025-09-18 03:55:46', 0, 219, NULL, '2025-09-12 06:21:18', '2025-09-19 09:02:50'),
(294, 'Monitoring New Style', 24, 'Follow Up', 'done', '2025-09-12 06:25:32', '2025-09-12 06:25:35', '2025-09-12 08:30:36', NULL, 1, 124, NULL, '2025-09-12 06:26:05', '2025-09-19 09:02:50'),
(295, '', NULL, '', 'done', '2025-09-12 06:50:03', '2025-09-12 06:50:05', '2025-09-12 09:46:45', NULL, 0, 176, NULL, '2025-09-12 06:50:35', '2025-09-19 09:02:50'),
(297, 'Kunjungan', 23, 'Kunjungan Industri ke Pringapus', 'done', '2025-09-12 08:07:12', '2025-09-12 08:07:17', '2025-09-12 09:44:51', NULL, 0, 97, NULL, '2025-09-12 08:07:44', '2025-09-19 09:02:50'),
(298, 'Dashboard', 24, 'Trial Dashboard Auto', 'done', '2025-09-12 08:31:04', '2025-09-12 08:31:07', '2025-09-12 10:02:41', NULL, 0, 91, NULL, '2025-09-12 08:31:37', '2025-09-19 09:02:50'),
(300, 'Dashboard', 23, 'Dashboard SPO Traceability', 'done', '2025-09-12 09:45:43', '2025-09-12 09:45:45', '2025-09-12 11:22:26', NULL, 0, 96, NULL, '2025-09-12 09:46:15', '2025-09-19 09:02:50'),
(301, 'Diskusi dengan tim lain', 23, 'Diskusi dengan tim HRD mengenai IDP', 'done', '2025-09-12 17:03:50', '2025-09-12 17:07:50', '2025-09-12 17:57:03', NULL, 0, 50, NULL, '2025-09-12 10:03:20', '2025-09-19 09:02:50'),
(302, 'Update Data', 23, 'Update Data Dashboard SPO traceability', 'done', '2025-09-13 00:20:35', '2025-09-13 00:21:03', '2025-09-13 03:37:13', NULL, 61, 135, NULL, '2025-09-13 00:21:08', '2025-09-19 09:02:50'),
(303, 'Stand Up Meeting Tim Data Analyst', 23, '13/9/2025', 'done', '2025-09-13 00:20:58', '2025-09-13 00:30:00', '2025-09-13 00:42:34', NULL, 0, 12, NULL, '2025-09-13 00:21:31', '2025-09-19 09:02:50'),
(304, 'Box Monitoring', 24, 'Update WIP CHK10, Sewing, dan Cutting 13/9/2025', 'done', '2025-09-13 00:21:47', '2025-09-13 00:21:53', '2025-09-13 01:04:29', NULL, 12, 30, NULL, '2025-09-13 00:22:19', '2025-09-19 09:02:50'),
(305, 'Daily Report', 22, 'daily report dewing dan supply 12/09/2025', 'archived', '2025-09-13 00:26:32', '2025-09-13 00:26:34', '2025-09-13 01:33:25', '2025-09-18 03:55:47', 0, 66, NULL, '2025-09-13 00:27:04', '2025-09-19 09:02:50'),
(306, 'Daily Report', 24, 'RFT & Downtime 12/9/2025', 'done', '2025-09-13 01:04:52', '2025-09-13 01:04:57', '2025-09-13 01:19:06', NULL, 0, 14, NULL, '2025-09-13 01:05:25', '2025-09-19 09:02:50'),
(307, 'Kanban App', 24, 'Perbaiki Bug Timestamp', 'done', '2025-09-13 01:19:53', '2025-09-13 01:19:56', '2025-09-13 06:02:31', NULL, 58, 224, NULL, '2025-09-13 01:20:25', '2025-09-19 09:02:50'),
(308, 'Weekly Report', 22, 'weekly report w37', 'archived', '2025-09-13 01:33:43', '2025-09-13 01:33:46', '2025-09-13 05:14:35', '2025-09-18 03:55:47', 142, 78, NULL, '2025-09-13 01:34:18', '2025-09-19 09:02:50'),
(309, 'Meeting Briefing Pagi', 22, 'isi report briefing pagi 13/09/2025', 'archived', '2025-09-13 01:46:41', '2025-09-13 01:46:43', '2025-09-13 02:35:36', '2025-09-18 03:55:48', 0, 48, NULL, '2025-09-13 01:47:16', '2025-09-19 09:02:50'),
(310, 'Meeting', 23, 'Meeting CAP Makloon', 'done', '2025-09-13 02:00:00', '2025-09-13 02:00:04', '2025-09-13 03:00:10', NULL, 0, 60, NULL, '2025-09-13 02:33:33', '2025-09-19 09:02:50'),
(311, 'Update Data', 22, 'update data foreman di trial 11', 'archived', '2025-09-13 02:49:13', '2025-09-13 02:49:14', '2025-09-13 05:14:33', '2025-09-18 03:55:49', 110, 35, NULL, '2025-09-13 02:49:48', '2025-09-19 09:02:50'),
(312, 'Check Line Balancing', 21, 'Check line balancing W37', 'done', '2025-09-13 03:33:37', '2025-09-13 03:33:56', '2025-09-15 01:28:15', NULL, 0, 2754, NULL, '2025-09-13 03:34:10', '2025-09-19 09:02:50'),
(313, 'Dashboard', 23, 'Dashboard MT', 'done', '2025-09-13 03:35:56', '2025-09-13 03:37:04', '2025-09-13 04:39:40', NULL, 0, 62, NULL, '2025-09-13 03:36:29', '2025-09-19 09:02:50'),
(314, 'Update Data', 22, 'update format data di database problem by SPO IHP', 'archived', '2025-09-13 03:43:04', '2025-09-13 03:43:06', '2025-09-13 03:56:06', '2025-09-18 03:55:49', 0, 13, NULL, '2025-09-13 03:43:40', '2025-09-19 09:02:50'),
(315, 'Meeting HRD', 25, 'Weekly meeting', 'done', '2025-09-13 03:49:22', '2025-09-15 07:07:46', '2025-09-15 09:21:35', NULL, 0, 133, NULL, '2025-09-13 03:49:57', '2025-09-19 09:02:50'),
(316, 'Meeting Manajemen', 25, 'Weekly meeting', 'todo', '2025-09-13 03:51:44', NULL, NULL, NULL, 0, 0, NULL, '2025-09-13 03:52:19', '2025-09-19 09:02:50'),
(317, 'Review SOP', 25, 'Weekly Review', 'done', '2025-09-13 03:52:41', '2025-09-17 03:34:26', '2025-09-17 04:32:37', NULL, 0, 58, NULL, '2025-09-13 03:53:16', '2025-09-19 09:02:50'),
(318, 'CAP', 25, 'Meeting CAP', 'done', '2025-09-13 02:00:00', '2025-09-13 02:00:00', '2025-09-13 03:05:00', NULL, 0, 65, NULL, '2025-09-13 03:53:42', '2025-09-19 09:02:50'),
(319, 'Monitoring WIP', 22, 'WIP AB 12/09/2025', 'archived', '2025-09-13 04:02:40', '2025-09-13 04:02:46', '2025-09-13 04:13:12', '2025-09-18 03:55:50', 0, 10, NULL, '2025-09-13 04:03:16', '2025-09-19 09:02:50'),
(320, 'Monitoring WIP', 24, 'WIP C,D, Garment 11/9/2025 - 12/9/2025', 'done', '2025-09-13 04:35:50', '2025-09-13 04:35:54', '2025-09-13 05:03:59', NULL, 0, 28, NULL, '2025-09-13 04:36:23', '2025-09-19 09:02:50'),
(321, 'Meeting Bipartit', 25, 'Monthly Meeting', 'done', '2025-09-13 04:37:08', '2025-09-13 04:37:10', '2025-09-15 00:47:53', NULL, 0, 2650, NULL, '2025-09-13 04:37:40', '2025-09-19 09:02:50'),
(322, 'Dashboard', 23, 'Dashboard SPO Traceability', 'done', '2025-09-13 04:40:57', '2025-09-13 04:41:00', '2025-09-13 05:10:09', NULL, 0, 29, NULL, '2025-09-13 04:41:30', '2025-09-19 09:02:50'),
(323, 'Update CHK10', 22, 'update database SPO', 'archived', '2025-09-13 04:51:47', '2025-09-13 04:51:49', '2025-09-13 04:58:11', '2025-09-18 03:55:50', 0, 6, NULL, '2025-09-13 04:52:23', '2025-09-19 09:02:50'),
(324, 'Review Job Desc', 23, 'Review Job Desc Data Analyst', 'done', '2025-09-13 05:10:05', '2025-09-13 05:10:10', '2025-09-13 05:58:03', NULL, 0, 47, NULL, '2025-09-13 05:10:38', '2025-09-19 09:02:50'),
(325, 'Review Job Desc', 22, 'review jobdesc', 'archived', '2025-09-13 05:14:23', '2025-09-13 05:14:25', '2025-09-13 06:03:50', '2025-09-18 03:55:51', 0, 49, NULL, '2025-09-13 05:14:58', '2025-09-19 09:02:50'),
(326, 'Update Data', 23, 'Update Data SPO Traceability', 'done', '2025-09-15 00:21:40', '2025-09-15 00:21:44', '2025-09-15 02:18:58', NULL, 0, 117, NULL, '2025-09-15 00:22:14', '2025-09-19 09:02:50'),
(327, 'Stand Up Meeting Tim Data Analyst', 23, '15/9/25', 'done', '2025-09-15 00:21:58', '2025-09-15 00:30:00', '2025-09-15 00:41:05', NULL, 0, 11, NULL, '2025-09-15 00:21:32', '2025-09-19 09:02:50'),
(328, 'Box Monitoring', 24, 'Update WIP CHK10, Sewing, dan Cutting 15/9/2025', 'done', '2025-09-15 00:25:55', '2025-09-15 00:25:59', '2025-09-15 00:45:28', NULL, 4, 15, NULL, '2025-09-15 00:26:25', '2025-09-19 09:02:50'),
(329, 'Daily Report', 22, 'daily report sewing dan supply 13/09/2025', 'archived', '2025-09-15 00:44:12', '2025-09-15 00:44:35', '2025-09-15 01:24:58', '2025-09-18 03:55:52', 0, 40, NULL, '2025-09-15 00:44:50', '2025-09-19 09:02:50'),
(330, 'Daily Report', 24, 'RFT & Downtime 13/5/2025', 'done', '2025-09-15 00:45:48', '2025-09-15 00:45:51', '2025-09-15 01:21:09', NULL, 0, 35, NULL, '2025-09-15 00:46:22', '2025-09-19 09:02:50'),
(331, 'Kanban App', 24, 'Trial Menambahkan Grafik', 'done', '2025-09-15 01:27:40', '2025-09-15 01:27:44', '2025-09-16 00:26:18', NULL, 957, 421, NULL, '2025-09-15 01:28:13', '2025-09-19 09:02:50'),
(332, 'Update CHK10', 22, 'update referensi PA target', 'archived', '2025-09-15 01:27:43', '2025-09-15 01:27:45', '2025-09-15 01:33:31', '2025-09-18 03:55:52', 0, 5, NULL, '2025-09-15 01:28:19', '2025-09-19 09:02:50'),
(333, 'Evaluasi Jam Orang Mingguan', 21, 'Evaluasi dan back data w37', 'done', '2025-09-15 01:28:49', '2025-09-15 01:29:05', '2025-09-15 07:11:02', NULL, 112, 229, NULL, '2025-09-15 01:29:20', '2025-09-19 09:02:50'),
(334, 'Meeting Briefing Pagi', 22, 'notulensi meeting briefing pagi 15/09/2025', 'archived', '2025-09-15 01:34:07', '2025-09-15 01:34:13', '2025-09-15 02:17:04', '2025-09-18 03:55:53', 0, 42, NULL, '2025-09-15 01:34:43', '2025-09-19 09:02:50'),
(335, 'Dashboard', 23, 'Tambah sumber problem pada Dashboard SPO Traceability', 'done', '2025-09-15 02:18:55', '2025-09-15 02:19:03', '2025-09-15 09:12:38', NULL, 176, 237, NULL, '2025-09-15 02:19:29', '2025-09-19 09:02:50'),
(336, 'Fasilitator Training', 21, 'welcoming', 'done', '2025-09-15 02:26:58', '2025-09-15 02:27:05', '2025-09-15 04:19:25', NULL, 0, 112, NULL, '2025-09-15 02:27:30', '2025-09-19 09:02:50'),
(337, 'Meeting Lockplan', 22, 'update checklist lockplan', 'archived', '2025-09-15 02:27:34', '2025-09-15 02:27:36', '2025-09-15 03:20:15', '2025-09-18 03:55:53', 43, 9, NULL, '2025-09-15 02:28:11', '2025-09-19 09:02:50'),
(338, 'Weekly Report', 22, 'update weekly report W37', 'archived', '2025-09-15 02:37:05', '2025-09-15 02:37:07', '2025-09-15 04:01:18', '2025-09-18 03:55:54', 54, 30, NULL, '2025-09-15 02:37:42', '2025-09-19 09:02:50'),
(339, 'Update CHK10', 22, 'cek PA target', 'archived', '2025-09-15 02:38:00', '2025-09-15 02:38:02', '2025-09-15 03:14:41', '2025-09-18 03:55:55', 24, 12, NULL, '2025-09-15 02:38:36', '2025-09-19 09:02:50'),
(340, 'Back Up Data', 22, 'backup w37', 'archived', '2025-09-15 02:50:08', '2025-09-15 02:50:09', '2025-09-15 03:14:39', '2025-09-18 03:55:55', 0, 24, NULL, '2025-09-15 02:50:44', '2025-09-19 09:02:50'),
(341, 'Update CHK10', 22, 'cek pengisian', 'archived', '2025-09-15 03:14:53', '2025-09-15 03:14:55', '2025-09-15 03:20:12', '2025-09-18 03:55:56', 0, 5, NULL, '2025-09-15 03:15:29', '2025-09-19 09:02:50'),
(342, 'Meeting', 23, 'Meeting dengan Tim Pak Hasta', 'done', '2025-09-15 03:04:02', '2025-09-15 03:06:06', '2025-09-15 04:35:07', NULL, 0, 89, NULL, '2025-09-15 03:03:35', '2025-09-19 09:02:50'),
(343, 'Monitoring WIP', 22, 'WIP AB 13/09/2025', 'archived', '2025-09-15 03:48:45', '2025-09-15 03:48:47', '2025-09-15 04:01:22', '2025-09-18 03:55:57', 0, 12, NULL, '2025-09-15 03:49:21', '2025-09-19 09:02:50'),
(344, 'Weekly Report', 22, 'update data repair dan rft', 'archived', '2025-09-15 04:01:34', '2025-09-15 04:01:35', '2025-09-15 04:23:56', '2025-09-18 03:55:57', 0, 22, NULL, '2025-09-15 04:02:10', '2025-09-19 09:02:50'),
(345, 'Weekly Report', 22, 'update data supply', 'archived', '2025-09-15 04:24:16', '2025-09-15 04:24:18', '2025-09-15 05:38:05', '2025-09-18 03:55:58', 0, 73, NULL, '2025-09-15 04:24:52', '2025-09-19 09:02:50'),
(346, 'Follow up Bipartit', 25, 'Barcode Bipartit', 'done', '2025-09-15 05:33:09', '2025-09-15 05:33:23', '2025-09-15 06:29:29', NULL, 0, 56, NULL, '2025-09-15 05:33:47', '2025-09-19 09:02:50'),
(347, 'Review Data', 22, 'Cek data CHK10 vs WIP', 'archived', '2025-09-15 05:38:43', '2025-09-15 05:38:44', '2025-09-15 10:26:51', '2025-09-18 03:55:59', 176, 112, NULL, '2025-09-15 05:39:20', '2025-09-19 09:02:50'),
(348, 'Monitoring WIP', 24, 'WIP C, D, Garment 13/9/2025', 'done', '2025-09-15 06:04:57', '2025-09-15 06:05:11', '2025-09-15 06:16:33', NULL, 0, 11, NULL, '2025-09-15 06:05:30', '2025-09-19 09:02:50'),
(349, 'Update ppt untuk meeting', 25, 'Weekly meeting HRD', 'done', '2025-09-15 06:32:09', '2025-09-15 06:32:32', '2025-09-15 06:53:37', NULL, 0, 21, NULL, '2025-09-15 06:32:46', '2025-09-19 09:02:50'),
(350, 'Update CHK10', 22, 'update database SPO', 'archived', '2025-09-15 06:35:20', '2025-09-15 06:35:22', '2025-09-15 06:41:10', '2025-09-18 03:55:59', 0, 5, NULL, '2025-09-15 06:35:57', '2025-09-19 09:02:50'),
(351, 'Diskusi dengan tim lain', 21, 'Menjelaskan pengisian form CAP kepada time keeper trainer', 'done', '2025-09-15 07:10:59', '2025-09-15 07:11:06', '2025-09-15 09:21:52', NULL, 0, 130, NULL, '2025-09-15 07:11:31', '2025-09-19 09:02:50'),
(352, 'Back Up Data', 22, 'backup daily report', 'archived', '2025-09-15 07:23:21', '2025-09-15 07:23:23', '2025-09-15 10:26:53', '2025-09-18 03:55:59', 127, 56, NULL, '2025-09-15 07:23:58', '2025-09-19 09:02:50'),
(353, 'Diskusi dengan tim lain', 23, 'Diskusi dengan tim garment', 'done', '2025-09-15 07:50:18', '2025-09-15 07:50:27', '2025-09-15 08:16:23', NULL, 0, 25, NULL, '2025-09-15 07:50:53', '2025-09-19 09:02:50'),
(354, 'Dashboard', 24, 'Dashboard Auto', 'done', '2025-09-15 08:00:32', '2025-09-15 08:00:35', '2025-09-15 09:37:36', NULL, 78, 19, NULL, '2025-09-15 08:01:04', '2025-09-19 09:02:50'),
(355, 'Meeting HRD', 21, '', 'done', '2025-09-15 08:48:34', '2025-09-15 08:48:40', '2025-09-15 09:21:46', NULL, 0, 33, NULL, '2025-09-15 08:49:11', '2025-09-19 09:02:50'),
(356, 'Update Data', 22, 'update data rekap by spo', 'archived', '2025-09-15 08:51:03', '2025-09-15 08:51:07', '2025-09-15 10:26:56', '2025-09-18 03:56:00', 0, 95, NULL, '2025-09-15 08:51:39', '2025-09-19 09:02:50'),
(357, 'Review Data', 23, 'Review Data Cutting Garment', 'done', '2025-09-15 09:13:21', '2025-09-15 09:13:24', '2025-09-15 09:34:49', NULL, 0, 21, NULL, '2025-09-15 09:13:56', '2025-09-19 09:02:50'),
(358, 'Update Data', 22, 'update data rekap by spo', 'archived', '2025-09-15 10:27:19', '2025-09-16 03:44:54', '2025-09-16 09:02:37', '2025-09-18 03:56:01', 187, 130, NULL, '2025-09-15 10:27:56', '2025-09-19 09:02:50'),
(359, 'Review Data', 22, 'cek data CHK10 vs WIP', 'done', '2025-09-15 10:27:46', '2025-09-16 02:35:08', '2025-09-16 05:55:28', NULL, 140, 60, NULL, '2025-09-15 10:28:23', '2025-09-19 09:02:50'),
(360, 'Weekly Report', 22, 'Changeover Line Report W37', 'done', '2025-09-15 10:28:03', '2025-09-16 03:52:47', '2025-09-16 04:06:37', NULL, 0, 13, NULL, '2025-09-15 10:28:40', '2025-09-19 09:02:50'),
(361, 'Meeting Briefing Pagi', 22, 'meeting briefing pagi 16/09/2025', 'archived', '2025-09-15 10:28:25', '2025-09-16 00:46:23', '2025-09-16 00:46:26', '2025-09-16 00:46:59', 0, 0, NULL, '2025-09-15 10:29:02', '2025-09-19 09:02:50'),
(362, 'Meeting Briefing Pagi', 22, 'notulensi meeting briefing pagi 16/09/2025', 'done', '2025-09-15 10:28:41', '2025-09-16 00:56:54', '2025-09-16 02:35:03', NULL, 76, 22, NULL, '2025-09-15 10:29:18', '2025-09-19 09:02:50'),
(363, 'Daily Report', 22, 'Daily Report Sewing dan Supply 15/09/2025', 'done', '2025-09-15 10:29:04', '2025-09-16 00:22:55', '2025-09-16 01:18:00', NULL, 0, 55, NULL, '2025-09-15 10:29:41', '2025-09-19 09:02:50'),
(364, 'Monitoring WIP', 22, 'Monitoring WIP AB 15/09/2025', 'done', '2025-09-15 10:29:24', '2025-09-17 01:57:17', '2025-09-17 02:06:21', NULL, 0, 9, NULL, '2025-09-15 10:30:01', '2025-09-19 09:02:50'),
(365, 'Weekly Report', 22, 'Update data repair dan RFT garmen', 'done', '2025-09-15 10:29:52', '2025-09-16 02:45:14', '2025-09-16 10:06:16', NULL, 440, 1, NULL, '2025-09-15 10:30:29', '2025-09-19 09:02:50'),
(366, 'Monitoring New Style', 22, 'Meeting monitoring new style', 'done', '2025-09-15 10:30:12', '2025-09-16 01:18:09', '2025-09-16 02:18:00', NULL, 0, 59, NULL, '2025-09-15 10:30:49', '2025-09-19 09:02:50'),
(367, 'Review Data', 23, 'Review data development di Sistem ASI Software', 'done', '2025-09-16 00:22:14', '2025-09-16 00:22:17', '2025-09-16 02:55:01', NULL, 145, 7, NULL, '2025-09-16 00:22:48', '2025-09-19 09:02:50'),
(368, 'Stand Up Meeting Tim Data Analyst', 23, '16/9/25', 'done', '2025-09-16 00:22:31', '2025-09-16 00:29:48', '2025-09-16 00:39:49', NULL, 0, 10, NULL, '2025-09-16 00:23:05', '2025-09-19 09:02:50'),
(369, 'Meeting Kapasitas', 23, 'Meeting Kapasitas Week 38 (Laporan Week 37)', 'done', '2025-09-16 00:22:57', '2025-09-16 07:03:44', '2025-09-16 09:43:27', NULL, 0, 159, NULL, '2025-09-16 00:23:31', '2025-09-19 09:02:50'),
(370, 'Box Monitoring', 24, 'Update WIP CHK10, Sewing, dan Cutting 16/9/2025', 'done', '2025-09-16 00:26:01', '2025-09-16 00:26:04', '2025-09-16 00:45:36', NULL, 0, 19, NULL, '2025-09-16 00:26:34', '2025-09-19 09:02:50'),
(371, 'Meeting Briefing Pagi', 25, 'Top 10 Meeting', 'done', '2025-09-16 00:26:39', '2025-09-16 00:29:44', '2025-09-16 00:38:58', NULL, 0, 9, NULL, '2025-09-16 00:27:15', '2025-09-19 09:02:50'),
(372, 'Email', 25, 'Check & follow up Email', 'done', '2025-09-16 00:27:16', '2025-09-16 00:39:20', '2025-09-16 01:01:27', NULL, 0, 22, NULL, '2025-09-16 00:27:53', '2025-09-19 09:02:50'),
(373, 'Jobdesc', 25, 'job Desc Leader Incoming ACC', 'done', '2025-09-16 00:27:48', '2025-09-16 02:14:54', '2025-09-16 02:57:15', NULL, 0, 42, NULL, '2025-09-16 00:28:25', '2025-09-19 09:02:50'),
(374, 'CAP', 25, 'Follow up CAP', 'done', '2025-09-16 00:28:21', '2025-09-16 01:05:42', '2025-09-16 02:05:53', NULL, 0, 60, NULL, '2025-09-16 00:28:57', '2025-09-19 09:02:50'),
(375, 'Update Struktur', 25, 'Update Struktur Supply Glove', 'done', '2025-09-16 00:28:50', '2025-09-16 06:10:32', '2025-09-16 09:00:42', NULL, 0, 170, NULL, '2025-09-16 00:29:27', '2025-09-19 09:02:50'),
(376, 'Review Job Desc', 23, 'Review Job Desc Indah (DA)', 'done', '2025-09-16 00:40:15', '2025-09-16 01:01:47', '2025-09-16 06:13:38', NULL, 281, 30, NULL, '2025-09-16 00:40:49', '2025-09-19 09:02:50'),
(377, 'Daily Report', 24, 'Update RFT & Downtime 15/9/2025', 'done', '2025-09-16 00:46:50', '2025-09-16 00:46:56', '2025-09-16 01:18:36', NULL, 0, 31, NULL, '2025-09-16 00:47:23', '2025-09-19 09:02:50'),
(378, 'Monitoring New Style', 24, 'Meeting Monitoring New Style', 'done', '2025-09-16 01:18:54', '2025-09-16 01:18:58', '2025-09-16 02:15:13', NULL, 0, 56, NULL, '2025-09-16 01:19:27', '2025-09-19 09:02:50'),
(379, 'Meeting', 25, 'Meeting New Style', 'done', '2025-09-16 01:18:57', '2025-09-16 01:19:02', '2025-09-16 02:05:18', NULL, 0, 46, NULL, '2025-09-16 01:19:34', '2025-09-19 09:02:50'),
(380, 'Meeting', 21, 'Koordinasi monitoring new style', 'done', '2025-09-16 01:28:06', '2025-09-16 01:28:14', '2025-09-16 03:00:37', NULL, 0, 92, NULL, '2025-09-16 01:28:40', '2025-09-19 09:02:50'),
(381, 'Review Job Desc', 21, 'review job desc indah', 'done', '2025-09-16 01:28:34', '2025-09-16 01:28:39', '2025-09-16 05:58:41', NULL, 168, 102, NULL, '2025-09-16 01:29:08', '2025-09-19 09:02:50'),
(382, 'Review Job Desc', 21, 'Review Job Desc Leader incoming (Ery)', 'done', '2025-09-16 01:29:11', '2025-09-16 03:00:09', '2025-09-16 03:21:15', NULL, 0, 21, NULL, '2025-09-16 01:29:45', '2025-09-19 09:02:50'),
(383, 'Gemba', 25, 'Persiapan Audit FCCA Eiger', 'done', '2025-09-16 01:49:35', '2025-09-16 03:03:10', '2025-09-16 04:08:53', NULL, 0, 65, NULL, '2025-09-16 01:50:12', '2025-09-19 09:02:50'),
(384, 'Kanban App', 24, 'Tambah Grafik dan Avg Activity', 'done', '2025-09-16 02:16:33', '2025-09-16 02:16:35', '2025-09-16 08:11:13', NULL, 140, 214, NULL, '2025-09-16 02:17:05', '2025-09-19 09:02:50'),
(385, 'Meeting', 23, 'Meeting Monitoring New Style', 'done', '2025-09-16 01:14:54', '2025-09-16 01:15:03', '2025-09-16 02:01:34', NULL, 0, 46, NULL, '2025-09-15 18:14:53', '2025-09-19 09:02:50'),
(386, 'Review Job Desc', 23, 'Review Job Desc Leader Incoming (Erry)', 'done', '2025-09-16 02:02:41', '2025-09-16 02:03:46', '2025-09-16 02:54:57', NULL, 0, 51, NULL, '2025-09-16 02:03:15', '2025-09-19 09:02:50'),
(387, 'Monitoring WIP', 24, 'WIP C,D, Garment 15/9/2025', 'done', '2025-09-16 02:25:51', '2025-09-16 03:38:18', '2025-09-16 03:51:23', NULL, 0, 13, NULL, '2025-09-16 02:26:24', '2025-09-19 09:02:50'),
(388, 'Meeting Kapasitas', 24, 'Meeting Kapasitas W38', 'done', '2025-09-16 02:40:48', '2025-09-16 07:04:26', '2025-09-16 09:51:19', NULL, 0, 166, NULL, '2025-09-16 02:41:21', '2025-09-19 09:02:50'),
(389, 'Weekly Report', 22, 'print weekly report w37', 'done', '2025-09-16 02:46:11', '2025-09-16 02:46:13', '2025-09-16 03:20:59', NULL, 0, 34, NULL, '2025-09-16 02:46:44', '2025-09-19 09:02:50'),
(390, 'Update OWE', 23, 'Update OWE W37', 'done', '2025-09-16 02:56:04', '2025-09-16 02:56:06', '2025-09-16 03:43:09', NULL, 0, 47, NULL, '2025-09-16 02:56:38', '2025-09-19 09:02:50');
INSERT INTO `tasks` (`id`, `content`, `pic_id`, `detail`, `status`, `timestamp_todo`, `timestamp_progress`, `timestamp_done`, `timestamp_archived`, `minute_pause`, `minute_activity`, `pause_time`, `created_at`, `updated_at`) VALUES
(391, 'Evaluasi Jam Orang Harian', 21, 'upload data hari selasa', 'done', '2025-09-16 03:11:46', '2025-09-16 03:11:53', '2025-09-16 03:20:03', NULL, 0, 8, NULL, '2025-09-16 03:12:19', '2025-09-19 09:02:50'),
(392, 'Evaluasi Data', 23, 'Evaluasi Data Cutting Garment', 'done', '2025-09-16 03:44:24', '2025-09-16 03:44:26', '2025-09-16 09:44:15', NULL, 340, 19, NULL, '2025-09-16 03:44:58', '2025-09-19 09:02:50'),
(393, 'Diskusi dengan tim lain', 23, 'Diskusi dengan tim Garment', 'done', '2025-09-16 04:16:38', '2025-09-16 04:16:41', '2025-09-16 05:39:17', NULL, 60, 22, NULL, '2025-09-16 04:17:11', '2025-09-19 09:02:50'),
(394, 'Evaluasi Data', 23, 'Evaluasi Database SMI', 'done', '2025-09-16 05:39:39', '2025-09-16 05:41:34', '2025-09-16 05:58:33', NULL, 0, 16, NULL, '2025-09-16 05:40:13', '2025-09-19 09:02:50'),
(395, 'Review Job Desc', 21, 'Review job desc putri (Staff Admin MT)', 'done', '2025-09-16 06:08:06', '2025-09-16 06:08:09', '2025-09-16 07:22:38', NULL, 0, 74, NULL, '2025-09-16 06:08:40', '2025-09-19 09:02:50'),
(396, 'Dashboard', 23, 'Dashboard Tim Admin MT', 'done', '2025-09-16 06:13:55', '2025-09-16 06:13:59', '2025-09-16 07:03:34', NULL, 0, 49, NULL, '2025-09-16 06:14:29', '2025-09-19 09:02:50'),
(397, 'Meeting Kapasitas', 22, 'Meeting kapasitas W37', 'done', '2025-09-16 07:07:17', '2025-09-16 07:07:30', '2025-09-16 10:06:13', NULL, 0, 178, NULL, '2025-09-16 07:07:54', '2025-09-19 09:02:50'),
(398, 'Meeting Kapasitas', 21, 'Meeting rekapitulassi week 37', 'done', '2025-09-16 07:23:06', '2025-09-16 07:23:09', '2025-09-16 10:06:11', NULL, 0, 163, NULL, '2025-09-16 07:23:40', '2025-09-19 09:02:50'),
(399, 'Stand Up Meeting Tim Data Analyst', 23, '17/9', 'done', '2025-09-17 00:18:35', '2025-09-17 00:31:10', '2025-09-17 00:38:13', NULL, 0, 7, NULL, '2025-09-17 00:19:09', '2025-09-19 09:02:50'),
(400, 'Diskusi dengan tim lain', 23, 'Diskusi dengan tim Garment', 'todo', '2025-09-17 00:19:14', NULL, NULL, NULL, 0, 0, NULL, '2025-09-17 00:19:48', '2025-09-19 09:02:50'),
(401, 'Box Monitoring', 24, 'Update WIP CHK10, Sewing, dan Packing 17/9/2025', 'done', '2025-09-17 00:23:36', '2025-09-17 00:23:38', '2025-09-17 00:43:09', NULL, 7, 12, NULL, '2025-09-17 00:24:08', '2025-09-19 09:02:50'),
(402, 'Daily Report', 22, 'daily report sewing dan supply 16/09/2025', 'done', '2025-09-17 00:23:59', '2025-09-17 00:24:01', '2025-09-17 01:25:10', NULL, 0, 61, NULL, '2025-09-17 00:24:36', '2025-09-19 09:02:50'),
(403, 'Meeting Briefing Pagi', NULL, '', 'done', '2025-09-17 00:32:47', '2025-09-17 00:33:01', '2025-09-17 00:37:56', NULL, 0, 4, NULL, '2025-09-17 00:33:22', '2025-09-19 09:02:50'),
(404, 'Email', 25, 'check email daily', 'done', '2025-09-17 00:39:22', '2025-09-17 00:39:29', '2025-09-17 01:11:08', NULL, 0, 31, NULL, '2025-09-17 00:39:57', '2025-09-19 09:02:50'),
(405, 'Review Data', 23, 'Review Data Sourcing (request untuk jadi PDF)', 'done', '2025-09-17 00:40:00', '2025-09-17 00:40:03', '2025-09-17 04:19:55', NULL, 100, 119, NULL, '2025-09-17 00:40:33', '2025-09-19 09:02:50'),
(406, 'Orientasi', 25, 'Orientasi staff baru', 'done', '2025-09-17 00:40:34', '2025-09-17 01:30:49', '2025-09-17 02:45:02', NULL, 0, 74, NULL, '2025-09-17 00:41:08', '2025-09-19 09:02:50'),
(407, 'Daily Report', 24, 'RFT & Downtime 16/9/2025', 'done', '2025-09-17 00:43:33', '2025-09-17 00:43:34', '2025-09-17 01:01:20', NULL, 0, 17, NULL, '2025-09-17 00:44:07', '2025-09-19 09:02:50'),
(408, 'Meeting Briefing Pagi', 22, 'notulensi meeting briefing pagi 17/09/2025', 'done', '2025-09-17 00:47:42', '2025-09-17 00:47:45', '2025-09-17 01:57:11', NULL, 0, 69, NULL, '2025-09-17 00:48:19', '2025-09-19 09:02:50'),
(409, 'Follow Up', 21, 'follow up CAP', 'done', '2025-09-17 00:54:10', '2025-09-17 00:54:13', '2025-09-17 03:53:45', NULL, 0, 179, NULL, '2025-09-17 00:54:44', '2025-09-19 09:02:50'),
(410, 'Kanban App', 24, 'Menambahkan Data Scan Out Harian', 'done', '2025-09-17 01:02:04', '2025-09-17 01:10:59', '2025-09-17 10:00:00', NULL, 60, 469, NULL, '2025-09-17 01:02:39', '2025-09-19 09:02:50'),
(411, 'Follow Up', 25, 'follow up cap', 'done', '2025-09-17 01:12:04', '2025-09-17 01:12:11', '2025-09-17 06:43:24', NULL, 0, 331, NULL, '2025-09-17 01:12:40', '2025-09-19 09:02:50'),
(412, 'Monitoring WIP', 24, 'WIP C, D, Garment 16/9/2025', 'done', '2025-09-17 01:14:32', '2025-09-17 05:31:52', '2025-09-17 05:39:15', NULL, 0, 7, NULL, '2025-09-17 01:15:07', '2025-09-19 09:02:50'),
(413, 'Weekly Report', 22, 'update data repair dan rft garmen w37', 'done', '2025-09-17 01:59:31', '2025-09-18 02:36:30', '2025-09-18 03:48:47', NULL, 42, 30, NULL, '2025-09-17 02:00:08', '2025-09-19 09:02:50'),
(414, 'Update CHK10', 22, 'cek pengisian', 'done', '2025-09-17 02:06:32', '2025-09-17 02:06:34', '2025-09-17 02:49:48', NULL, 0, 43, NULL, '2025-09-17 02:07:09', '2025-09-19 09:02:50'),
(415, 'Diskusi dengan tim lain', 23, 'Diskusi dengan tim lain untuk persiapan presentasi ke Pak Aam dan Pak Agam', 'done', '2025-09-17 01:41:24', '2025-09-17 01:41:25', '2025-09-17 02:10:36', NULL, 0, 29, NULL, '2025-09-17 01:41:21', '2025-09-19 09:02:50'),
(416, 'Update CHK10', 22, 'protect rows', 'done', '2025-09-17 02:50:04', '2025-09-17 02:50:07', '2025-09-17 09:24:18', NULL, 149, 245, NULL, '2025-09-17 02:50:41', '2025-09-19 09:02:50'),
(417, 'Kunjungan', 23, 'Kunjungan dari tim Adira, Share Project Human', 'done', '2025-09-17 02:32:49', '2025-09-17 02:33:00', '2025-09-17 03:53:08', NULL, 0, 80, NULL, '2025-09-17 02:32:22', '2025-09-19 09:02:50'),
(418, 'Diskusi dengan tim lain', 21, 'Kunjungan dari tim adira, share HR', 'done', '2025-09-17 03:54:17', '2025-09-17 03:54:22', '2025-09-17 03:54:25', NULL, 0, 0, NULL, '2025-09-17 03:54:51', '2025-09-19 09:02:50'),
(419, 'Evaluasi Jam Orang Harian', 21, 'pengecekan hari ke 2 dan ke 3', 'done', '2025-09-17 03:55:14', '2025-09-17 04:24:02', '2025-09-17 09:34:47', NULL, 291, 19, NULL, '2025-09-17 03:55:48', '2025-09-19 09:02:50'),
(420, 'Review Job Desc', 23, 'Review Job Desc Indah', 'done', '2025-09-17 04:24:03', '2025-09-17 04:24:05', '2025-09-17 07:20:47', NULL, 143, 33, NULL, '2025-09-17 04:24:36', '2025-09-19 09:02:50'),
(421, 'Review Job Desc', 21, 'review job indah', 'done', '2025-09-17 04:24:16', '2025-09-17 05:45:08', '2025-09-17 09:16:23', NULL, 7, 204, NULL, '2025-09-17 04:24:49', '2025-09-19 09:02:50'),
(422, 'Email', 25, 'follow up email', 'done', '2025-09-17 05:35:24', '2025-09-17 05:35:30', '2025-09-17 06:49:59', NULL, 22, 52, NULL, '2025-09-17 05:36:00', '2025-09-19 09:02:50'),
(423, 'Evaluasi Data', 23, 'Ubah Form Penilaian Data Analyst', 'done', '2025-09-17 06:04:46', '2025-09-17 06:04:47', '2025-09-17 06:23:06', NULL, 2, 16, NULL, '2025-09-17 06:05:19', '2025-09-19 09:02:50'),
(424, 'Diskusi dengan tim lain', 21, 'Mengirimkan format daily activity', 'done', '2025-09-17 06:14:06', '2025-09-17 06:14:08', '2025-09-17 09:16:21', NULL, 0, 182, NULL, '2025-09-17 06:14:40', '2025-09-19 09:02:50'),
(425, 'Meeting Lockplan', 22, 'meeting lockplan MGM 1', 'done', '2025-09-17 06:55:19', '2025-09-17 09:24:35', '2025-09-17 11:01:47', NULL, 0, 97, NULL, '2025-09-17 06:55:56', '2025-09-19 09:02:50'),
(426, 'Meeting Lockplan', 22, 'meeting lockplan MGM 2', 'done', '2025-09-17 06:55:40', '2025-09-17 06:55:43', '2025-09-17 09:24:31', NULL, 0, 148, NULL, '2025-09-17 06:56:16', '2025-09-19 09:02:50'),
(427, 'Diskusi dengan tim lain', 23, 'Gemba ke lapangan dengan tim Adira', 'done', '2025-09-17 06:30:35', '2025-09-17 06:30:37', '2025-09-17 07:00:41', NULL, 0, 30, NULL, '2025-09-17 07:01:08', '2025-09-19 09:02:50'),
(428, 'Diskusi dengan tim lain', 23, 'Present Project CI dengan tim Adira', 'done', '2025-09-17 07:00:59', '2025-09-17 07:01:01', '2025-09-17 08:51:45', NULL, 0, 110, NULL, '2025-09-17 07:01:32', '2025-09-19 09:02:50'),
(429, 'Diskusi dengan tim lain', 21, 'kunjungan tamu adira topic CI', 'done', '2025-09-17 07:03:47', '2025-09-17 07:03:54', '2025-09-17 09:16:15', NULL, 0, 132, NULL, '2025-09-17 07:04:21', '2025-09-19 09:02:50'),
(430, 'Diskusi dengan tim lain', 25, 'diskusi dengan tim Adira Copo', 'done', '2025-09-17 07:28:02', '2025-09-17 07:28:06', '2025-09-17 08:11:56', NULL, 0, 43, NULL, '2025-09-17 07:28:39', '2025-09-19 09:02:50'),
(431, 'Update Struktur', 25, 'Struktur produksi', 'done', '2025-09-17 09:09:16', '2025-09-17 09:09:21', '2025-09-17 09:34:09', NULL, 0, 24, NULL, '2025-09-17 09:09:53', '2025-09-19 09:02:50'),
(432, 'Daily Report', 22, 'Daily Report Sewing dan Supply 17/09/2025', 'done', '2025-09-17 11:02:17', '2025-09-18 00:44:31', '2025-09-18 01:33:30', NULL, 0, 48, NULL, '2025-09-17 11:02:52', '2025-09-19 09:02:50'),
(433, 'Monitoring WIP', 22, 'Monitoring WIP AB 16/09/2025', 'done', '2025-09-17 11:02:44', '2025-09-18 02:11:18', '2025-09-18 02:19:04', NULL, 0, 7, NULL, '2025-09-17 11:03:18', '2025-09-19 09:02:50'),
(434, 'Review Data', 22, 'Mengecek ulang rekap problem by SPO', 'done', '2025-09-17 11:03:00', '2025-09-18 03:56:08', '2025-09-18 06:00:59', NULL, 63, 61, NULL, '2025-09-17 11:03:35', '2025-09-19 09:02:50'),
(435, 'Back Up Data', 22, 'update backup data CHK10 bulanan ', 'done', '2025-09-17 11:03:25', '2025-09-18 02:19:59', '2025-09-18 02:31:31', NULL, 0, 11, NULL, '2025-09-17 11:03:59', '2025-09-19 09:02:50'),
(436, 'Meeting Briefing Pagi', 22, 'Notulensi meeting briefing pagi 18/09/2025', 'done', '2025-09-17 11:03:49', '2025-09-18 01:33:34', '2025-09-18 02:10:16', NULL, 0, 36, NULL, '2025-09-17 11:04:23', '2025-09-19 09:02:50'),
(437, 'Weekly Report', 22, 'update data planning ppic w38', 'done', '2025-09-17 11:04:19', '2025-09-17 11:04:21', '2025-09-17 11:07:49', NULL, 0, 3, NULL, '2025-09-17 11:04:53', '2025-09-19 09:02:50'),
(438, 'Weekly Report', 22, 'print weekly report W37', 'done', '2025-09-17 11:04:50', '2025-09-18 07:01:29', '2025-09-18 07:12:26', NULL, 0, 10, NULL, '2025-09-17 11:05:24', '2025-09-19 09:02:50'),
(439, 'Update CHK10', 22, 'protect rows', 'done', '2025-09-17 11:07:39', '2025-09-17 11:07:47', '2025-09-17 12:30:00', NULL, 10, 72, NULL, '2025-09-17 11:08:14', '2025-09-19 09:02:50'),
(440, 'Monitoring New Style', 22, 'followup dan pengisian tanggal berdasarkan database PIC', 'done', '2025-09-17 11:08:34', '2025-09-18 06:28:12', '2025-09-18 07:57:31', NULL, 13, 76, NULL, '2025-09-17 11:09:08', '2025-09-19 09:02:50'),
(442, 'Box Monitoring', 24, 'Update WIP CHK10, Sewing, dan Cutting 18/9/2025', 'done', '2025-09-18 00:25:18', '2025-09-18 00:25:19', '2025-09-18 00:53:52', NULL, 16, 12, NULL, '2025-09-18 00:25:52', '2025-09-19 09:02:50'),
(443, 'Meeting Briefing Pagi', 22, ' meeting briefing pagi 18/09/2025', 'done', '2025-09-18 00:25:23', '2025-09-18 00:39:29', '2025-09-18 00:44:17', NULL, 0, 4, NULL, '2025-09-18 00:26:00', '2025-09-19 09:02:50'),
(444, 'Dashboard', 23, 'Update Dashboard MT', 'done', '2025-09-18 00:26:02', '2025-09-18 00:49:29', '2025-09-18 04:26:50', NULL, 76, 141, NULL, '2025-09-18 00:26:36', '2025-09-19 09:02:50'),
(445, 'Stand Up Meeting Tim Data Analyst', 23, '18/9/25', 'done', '2025-09-18 00:30:00', '2025-09-18 00:30:00', '2025-09-18 00:44:37', NULL, 0, 14, NULL, '2025-09-18 00:45:07', '2025-09-19 09:02:50'),
(446, 'Daily Report', 24, 'RFT & Downtime 17/9/2025', 'done', '2025-09-18 00:54:19', '2025-09-18 00:54:21', '2025-09-18 01:14:28', NULL, 0, 20, NULL, '2025-09-18 00:54:53', '2025-09-19 09:02:50'),
(447, 'Email', 25, 'check dan follow up email', 'done', '2025-09-18 01:01:18', '2025-09-18 01:01:31', '2025-09-18 01:31:54', NULL, 0, 30, NULL, '2025-09-18 01:01:55', '2025-09-19 09:02:50'),
(448, 'Review SOP', 25, 'SOP HRD', 'done', '2025-09-18 01:01:58', '2025-09-18 03:08:36', '2025-09-18 04:10:20', NULL, 0, 61, NULL, '2025-09-18 01:02:35', '2025-09-19 09:02:50'),
(449, 'Training', 25, 'Training P2K3', 'done', '2025-09-18 01:02:43', '2025-09-18 07:16:38', '2025-09-18 09:03:56', NULL, 0, 107, NULL, '2025-09-18 01:03:20', '2025-09-19 09:02:50'),
(450, 'Update Struktur', 25, 'Struktur garment', 'todo', '2025-09-18 01:03:18', NULL, NULL, NULL, 0, 0, NULL, '2025-09-18 01:03:55', '2025-09-19 09:02:50'),
(451, 'Dashboard Garment', 24, 'Perbaiki tampilan yang hilang', 'done', '2025-09-18 01:14:14', '2025-09-18 01:14:16', '2025-09-18 03:36:41', NULL, 5, 137, NULL, '2025-09-18 01:14:48', '2025-09-19 09:02:50'),
(452, 'Evaluasi Jam Orang Harian', 21, 'membutan template hari kamis jumat sabtu dan cek scan out hari rabu', 'done', '2025-09-18 01:26:18', '2025-09-18 01:26:27', '2025-09-18 02:49:55', NULL, 0, 83, NULL, '2025-09-18 01:26:52', '2025-09-19 09:02:50'),
(453, 'Review SOP', 25, 'Review SOP kontraktor', 'done', '2025-09-18 01:32:54', '2025-09-18 01:33:01', '2025-09-18 09:52:24', NULL, 109, 390, NULL, '2025-09-18 01:33:31', '2025-09-19 09:02:50'),
(454, 'Box Monitoring', 24, 'Update SPO', 'done', '2025-09-18 01:33:54', '2025-09-18 01:33:56', '2025-09-18 01:39:29', NULL, 0, 5, NULL, '2025-09-18 01:34:28', '2025-09-19 09:02:50'),
(455, 'Monitoring WIP', 24, 'WIP C,D, Garment 17/9/2025', 'done', '2025-09-18 01:40:17', '2025-09-18 03:37:14', '2025-09-18 05:41:12', NULL, 64, 59, NULL, '2025-09-18 01:40:51', '2025-09-19 09:02:50'),
(456, 'Review Job Desc', 22, 'update periode activity', 'done', '2025-09-18 02:10:49', '2025-09-18 02:31:33', '2025-09-18 02:36:18', NULL, 0, 4, NULL, '2025-09-18 02:11:27', '2025-09-19 09:02:50'),
(457, 'Monitoring WIP', 22, 'monitoring WIP AB 17/09/2025', 'done', '2025-09-18 02:31:57', '2025-09-18 03:48:53', '2025-09-18 03:55:12', NULL, 0, 6, NULL, '2025-09-18 02:32:35', '2025-09-19 09:02:50'),
(458, 'Meeting Lockplan', 22, 'rekap hasil lockplan', 'done', '2025-09-18 02:38:10', '2025-09-18 02:38:11', '2025-09-18 03:07:51', NULL, 0, 29, NULL, '2025-09-18 02:38:47', '2025-09-19 09:02:50'),
(459, 'Update CHK10', 22, 'update database spo', 'done', '2025-09-18 02:39:39', '2025-09-18 03:07:54', '2025-09-18 03:20:16', NULL, 0, 12, NULL, '2025-09-18 02:40:16', '2025-09-19 09:02:50'),
(460, 'Weekly Report', 21, 'melengkapi evidence gemba minggu lalu', 'done', '2025-09-18 02:50:45', '2025-09-18 02:50:50', '2025-09-18 04:27:41', NULL, 56, 40, NULL, '2025-09-18 02:51:19', '2025-09-19 09:02:50'),
(461, 'Review SOP', 21, 'SOP karyawan hamil dan SOP mutasi', 'done', '2025-09-18 03:05:00', '2025-09-18 03:05:03', '2025-09-18 03:59:11', NULL, 0, 54, NULL, '2025-09-18 03:05:34', '2025-09-19 09:02:50'),
(462, 'Dashboard', 23, 'Dashboard Garment & IHP', 'done', '2025-09-18 03:08:56', '2025-09-18 03:09:08', '2025-09-18 04:25:20', NULL, 0, 76, NULL, '2025-09-18 03:09:30', '2025-09-19 09:02:50'),
(463, 'Dashboard', 23, 'Dashboard IHP & Garmen', 'done', '2025-09-18 05:39:21', '2025-09-18 05:39:24', '2025-09-18 10:15:51', NULL, 110, 166, NULL, '2025-09-18 05:39:56', '2025-09-19 09:02:50'),
(464, 'Dashboard', 24, 'Merancang dashboard auto', 'done', '2025-09-18 05:42:22', '2025-09-18 05:42:24', '2025-09-18 10:00:00', NULL, 0, 257, NULL, '2025-09-18 05:42:56', '2025-09-19 09:02:50'),
(465, 'Dashboard', 21, 'koreksi databse dashboard mt', 'done', '2025-09-18 05:56:14', '2025-09-18 05:56:18', '2025-09-18 06:41:07', NULL, 0, 44, NULL, '2025-09-18 05:56:49', '2025-09-19 09:02:50'),
(466, 'Update CHK10', 22, 'update sheet planning', 'done', '2025-09-18 06:01:18', '2025-09-18 06:01:20', '2025-09-18 06:28:11', NULL, 0, 26, NULL, '2025-09-18 06:01:54', '2025-09-19 09:02:50'),
(467, 'Diskusi dengan tim lain', 23, 'Diskusi dengan tim MT mengenai Dashboard', 'done', '2025-09-18 06:03:35', '2025-09-18 06:03:37', '2025-09-18 06:28:48', NULL, 0, 25, NULL, '2025-09-18 06:04:10', '2025-09-19 09:02:50'),
(468, 'Meeting Produksi', 21, 'Diskusi pembagian leader bersama tim penerimaan', 'done', '2025-09-18 06:40:42', '2025-09-18 06:41:10', '2025-09-18 08:13:36', NULL, 0, 92, NULL, '2025-09-18 06:41:16', '2025-09-19 09:02:50'),
(469, 'Meeting', 23, 'Sosialisasi Job Desc P2K3', 'done', '2025-09-18 06:56:29', '2025-09-18 07:09:21', '2025-09-18 08:32:45', NULL, 0, 83, NULL, '2025-09-18 06:57:04', '2025-09-19 09:02:50'),
(470, 'Update CHK10', 22, 'cek pengisian', 'done', '2025-09-18 07:57:42', '2025-09-18 07:57:44', '2025-09-18 08:05:54', NULL, 0, 8, NULL, '2025-09-18 07:58:19', '2025-09-19 09:02:50'),
(471, 'Update CHK10', 22, 'tambah data validation', 'done', '2025-09-18 08:06:05', '2025-09-18 08:06:07', '2025-09-18 09:11:10', NULL, 24, 41, NULL, '2025-09-18 08:06:43', '2025-09-19 09:02:50'),
(472, 'Pembuatan template Jam Orang Weekly', 21, 'diskusi data jam orang dengan IE', 'done', '2025-09-18 08:14:03', '2025-09-18 08:14:11', '2025-09-18 08:30:13', NULL, 0, 16, NULL, '2025-09-18 08:14:38', '2025-09-19 09:02:50'),
(473, 'Update CHK10', 22, 'edit template', 'done', '2025-09-18 09:11:25', '2025-09-18 09:11:28', '2025-09-18 09:23:33', NULL, 0, 12, NULL, '2025-09-18 09:12:03', '2025-09-19 09:02:50'),
(474, 'Back Up Data', 22, 'update w37', 'done', '2025-09-18 09:23:50', '2025-09-18 09:23:51', '2025-09-18 09:29:37', NULL, 0, 5, NULL, '2025-09-18 09:24:27', '2025-09-19 09:02:50'),
(475, 'Daily Report', 22, 'Daily Report Sewing dan Supply 18/09/2025', 'done', '2025-09-18 09:26:39', '2025-09-19 00:24:07', '2025-09-19 01:18:55', NULL, 0, 54, NULL, '2025-09-18 09:27:16', '2025-09-19 09:02:50'),
(476, 'Monitoring WIP', 22, 'Monitoring WIP AB 18/09/2025', 'done', '2025-09-18 09:26:56', '2025-09-19 07:32:32', '2025-09-19 07:39:52', NULL, 0, 7, NULL, '2025-09-18 09:27:33', '2025-09-19 09:02:50'),
(477, 'Meeting Briefing Pagi', 22, 'Meeting briefing pagi 19/09/2025', 'archived', '2025-09-18 09:27:10', '2025-09-19 00:45:33', '2025-09-19 00:45:36', '2025-09-19 00:45:39', 0, 0, NULL, '2025-09-18 09:27:47', '2025-09-19 09:02:50'),
(478, 'Meeting Briefing Pagi', 22, 'Notulensi meeting briefing pagi 19/09/2025', 'done', '2025-09-18 09:27:28', '2025-09-19 01:18:56', '2025-09-19 02:57:23', NULL, 63, 35, NULL, '2025-09-18 09:28:06', '2025-09-19 09:02:50'),
(479, 'Update CHK10', 22, 'duplikat sheet untuk week 39', 'on progress', '2025-09-18 09:27:52', '2025-09-19 07:39:53', NULL, NULL, 65, 0, NULL, '2025-09-18 09:28:29', '2025-09-19 09:02:50'),
(480, 'Weekly Report', 22, 'update range', 'done', '2025-09-18 09:29:06', '2025-09-19 03:30:26', '2025-09-19 04:04:34', NULL, 0, 34, NULL, '2025-09-18 09:29:44', '2025-09-19 09:02:50'),
(481, 'Box Monitoring', 24, 'Update WIP CHK10, Sewing, dan Cutting 19/9/2025', 'done', '2025-09-19 00:21:47', '2025-09-19 00:21:49', '2025-09-19 00:50:19', NULL, 13, 15, NULL, '2025-09-19 00:22:20', '2025-09-19 09:02:50'),
(482, 'Stand Up Meeting Tim Data Analyst', 23, '19/9/25', 'done', '2025-09-19 00:22:35', '2025-09-19 00:31:46', '2025-09-19 00:45:13', NULL, 0, 13, NULL, '2025-09-19 00:23:11', '2025-09-19 09:02:50'),
(483, 'Update OWE', 23, 'Update OWE ke file Gabungan', 'done', '2025-09-19 00:23:35', '2025-09-19 00:45:28', '2025-09-19 01:07:59', NULL, 0, 22, NULL, '2025-09-19 00:24:11', '2025-09-19 09:02:50'),
(484, 'Dashboard', 23, 'Membuat Dashboard MT', 'on progress', '2025-09-19 00:23:57', '2025-09-19 01:19:25', NULL, NULL, 270, 0, '2025-09-19 01:25:36', '2025-09-19 00:24:32', '2025-09-19 09:02:50'),
(485, 'Review Data', 23, 'Review Data Inventory MT', 'done', '2025-09-19 00:28:50', '2025-09-19 01:08:02', '2025-09-19 01:19:24', NULL, 0, 11, NULL, '2025-09-19 00:29:26', '2025-09-19 09:02:50'),
(486, 'Meeting Briefing Pagi', 25, 'Top 10 Meeting', 'done', '2025-09-19 00:29:30', '2025-09-19 00:32:52', '2025-09-19 00:45:51', NULL, 0, 12, NULL, '2025-09-19 00:30:08', '2025-09-19 09:02:50'),
(487, 'Standup Meeting Decathlon', 25, 'weekly Stand UP', 'done', '2025-09-19 00:29:55', '2025-09-19 02:32:59', '2025-09-19 03:49:25', NULL, 0, 76, NULL, '2025-09-19 00:30:33', '2025-09-19 09:02:50'),
(488, 'CAP', 25, 'Meeting CAP', 'todo', '2025-09-19 00:30:16', NULL, NULL, NULL, 0, 0, NULL, '2025-09-19 00:30:54', '2025-09-19 09:02:50'),
(489, 'Review SOP', 25, 'Review SOP Kontraktor', 'done', '2025-09-19 00:30:50', '2025-09-19 01:03:49', '2025-09-19 07:09:58', NULL, 83, 283, NULL, '2025-09-19 00:31:28', '2025-09-19 09:02:50'),
(490, 'Email', 25, 'check & follow up Email', 'done', '2025-09-19 00:32:25', '2025-09-19 00:46:10', '2025-09-19 01:03:37', NULL, 0, 17, NULL, '2025-09-19 00:33:03', '2025-09-19 09:02:50'),
(491, 'Daily Report', 24, 'RFT & Downtime 18/9/2025', 'done', '2025-09-19 00:50:41', '2025-09-19 00:50:43', '2025-09-19 01:15:13', NULL, 0, 24, NULL, '2025-09-19 00:51:14', '2025-09-19 09:02:50'),
(492, 'Monitoring WIP', 24, 'WIP C,D, Garment 18/9/2025', 'done', '2025-09-19 01:07:33', '2025-09-19 08:37:13', '2025-09-19 08:45:48', NULL, 0, 8, NULL, '2025-09-19 01:08:06', '2025-09-19 09:02:50'),
(493, 'Kanban App', 24, 'Menambahkan filter tanggal', 'on progress', '2025-09-19 01:15:28', '2025-09-19 01:15:37', NULL, NULL, 98, 0, NULL, '2025-09-19 01:16:02', '2025-09-19 09:02:50'),
(494, 'Monthly Report', 21, 'REKAP JAM ORANG BY SCAN', 'done', '2025-09-19 01:15:55', '2025-09-19 01:15:57', '2025-09-19 02:46:17', NULL, 0, 90, NULL, '2025-09-19 01:16:30', '2025-09-19 09:02:50'),
(495, 'Meeting Produksi', 22, 'meeting leader mgm 2', 'done', '2025-09-19 01:32:33', '2025-09-19 01:32:43', '2025-09-19 02:35:49', NULL, 0, 63, NULL, '2025-09-19 01:33:13', '2025-09-19 09:02:50'),
(496, 'Database', 23, 'Buat Database MT (MJO dan Project)', 'done', '2025-09-19 01:38:20', '2025-09-19 01:38:22', '2025-09-19 02:27:17', NULL, 0, 48, NULL, '2025-09-19 01:38:56', '2025-09-19 09:02:50'),
(497, 'Standup Meeting Decathlon', 23, 'Stand Up W38', 'done', '2025-09-19 02:05:02', '2025-09-19 02:27:21', '2025-09-19 03:49:18', NULL, 0, 81, NULL, '2025-09-19 02:05:38', '2025-09-19 09:02:50'),
(498, 'Diskusi dengan tim lain', 23, 'Diskusi dengan Tim MT/IT', 'done', '2025-09-19 02:05:28', '2025-09-19 03:53:46', '2025-09-19 04:31:02', NULL, 0, 37, NULL, '2025-09-19 02:06:03', '2025-09-19 09:02:50'),
(499, 'Meeting Produksi', 22, 'notulensi MoM produksi', 'done', '2025-09-19 02:36:11', '2025-09-19 02:57:24', '2025-09-19 03:30:00', NULL, 0, 32, NULL, '2025-09-19 02:36:48', '2025-09-19 09:02:50'),
(500, 'Weekly Report', 22, 'update pengisian changeover otomatis', 'done', '2025-09-19 04:05:02', '2025-09-19 04:05:04', '2025-09-19 07:32:27', NULL, 91, 116, NULL, '2025-09-19 04:05:39', '2025-09-19 09:02:50'),
(502, 'Collect new job desc', 21, 'Job desc QC Garment', 'todo', '2025-09-19 04:30:18', NULL, NULL, NULL, 0, 0, NULL, '2025-09-19 04:30:53', '2025-09-19 09:02:50'),
(503, 'Check Line Balancing', 21, 'Check balancing D', 'done', '2025-09-19 06:44:58', '2025-09-19 06:46:06', '2025-09-19 07:27:57', NULL, 0, 41, NULL, '2025-09-19 06:45:34', '2025-09-19 09:02:50'),
(504, 'Review SOP', 25, 'Kontraktor', 'done', '2025-09-19 07:11:05', '2025-09-19 07:11:37', '2025-09-19 08:21:32', NULL, 0, 69, NULL, '2025-09-19 07:11:44', '2025-09-19 09:02:50'),
(505, 'Gemba', 21, 'sewing ab, auto', 'on progress', '2025-09-19 07:28:18', '2025-09-19 07:28:22', NULL, NULL, 0, 0, NULL, '2025-09-19 07:28:54', '2025-09-19 09:02:50'),
(506, 'Update CHK10', 22, 'update template', 'done', '2025-09-19 07:50:16', '2025-09-19 07:50:18', '2025-09-19 08:54:36', NULL, 0, 64, NULL, '2025-09-19 07:50:54', '2025-09-19 09:02:50'),
(507, 'CAP', 25, 'Follow up CAP', 'on progress', '2025-09-19 08:23:09', '2025-09-19 08:23:12', NULL, NULL, 0, 0, NULL, '2025-09-19 08:23:48', '2025-09-19 09:02:50'),
(508, 'Diskusi dengan tim lain', 23, 'Diskusi dengan tim Purchasing (Bu Vina)', 'done', '2025-09-19 08:25:31', '2025-09-19 08:25:37', '2025-09-19 08:54:46', NULL, 0, 29, NULL, '2025-09-19 08:26:07', '2025-09-19 09:02:50'),
(509, 'Database', 24, 'Tes 123', 'done', '2025-09-19 09:10:27', '2025-09-19 09:11:00', '2025-09-19 09:12:08', NULL, 0, 1, NULL, '2025-09-19 09:10:27', '2025-09-19 09:12:08');

--
-- Triggers `tasks`
--
DELIMITER $$
CREATE TRIGGER `before_tasks_insert` BEFORE INSERT ON `tasks` FOR EACH ROW BEGIN
    SET NEW.pause_time = DATE_ADD(NEW.pause_time, INTERVAL 7 HOUR);
    SET NEW.timestamp_todo = DATE_ADD(NEW.timestamp_todo, INTERVAL 7 HOUR);
END
$$
DELIMITER ;
DELIMITER $$
CREATE TRIGGER `before_tasks_update` BEFORE UPDATE ON `tasks` FOR EACH ROW BEGIN
    SET NEW.timestamp_todo = DATE_ADD(NEW.timestamp_todo, INTERVAL 7 HOUR);
    SET NEW.pause_time = DATE_ADD(NEW.pause_time, INTERVAL 7 HOUR);
    SET NEW.timestamp_progress = DATE_ADD(NEW.timestamp_progress, INTERVAL 7 HOUR);
    SET NEW.timestamp_done = DATE_ADD(NEW.timestamp_done, INTERVAL 7 HOUR);
    SET NEW.timestamp_archived = DATE_ADD(NEW.timestamp_archived, INTERVAL 7 HOUR);
    SET NEW.updated_at = DATE_ADD(NEW.updated_at, INTERVAL 7 HOUR);    
END
$$
DELIMITER ;

-- --------------------------------------------------------

--
-- Table structure for table `work_time`
--

CREATE TABLE `work_time` (
  `pic_id` bigint(20) NOT NULL,
  `date` date NOT NULL,
  `working_minute` int(11) NOT NULL
) ENGINE=InnoDB DEFAULT CHARSET=utf8mb4 COLLATE=utf8mb4_general_ci;

--
-- Dumping data for table `work_time`
--

INSERT INTO `work_time` (`pic_id`, `date`, `working_minute`) VALUES
(21, '2025-09-01', 450),
(21, '2025-09-02', 450),
(21, '2025-09-03', 450),
(21, '2025-09-04', 450),
(21, '2025-09-05', 0),
(21, '2025-09-06', 0),
(21, '2025-09-07', 0),
(21, '2025-09-08', 450),
(21, '2025-09-09', 450),
(21, '2025-09-10', 450),
(21, '2025-09-11', 450),
(21, '2025-09-12', 450),
(21, '2025-09-13', 300),
(21, '2025-09-14', 0),
(21, '2025-09-15', 450),
(21, '2025-09-16', 450),
(21, '2025-09-17', 450),
(21, '2025-09-18', 450),
(22, '2025-09-01', 480),
(22, '2025-09-02', 540),
(22, '2025-09-03', 480),
(22, '2025-09-04', 450),
(22, '2025-09-05', 0),
(22, '2025-09-06', 300),
(22, '2025-09-07', 0),
(22, '2025-09-08', 450),
(22, '2025-09-09', 450),
(22, '2025-09-10', 480),
(22, '2025-09-11', 450),
(22, '2025-09-12', 450),
(22, '2025-09-13', 300),
(22, '2025-09-14', 0),
(22, '2025-09-15', 510),
(22, '2025-09-16', 480),
(22, '2025-09-17', 600),
(22, '2025-09-18', 450),
(23, '2025-09-01', 480),
(23, '2025-09-02', 480),
(23, '2025-09-03', 450),
(23, '2025-09-04', 450),
(23, '2025-09-05', 0),
(23, '2025-09-06', 300),
(23, '2025-09-07', 0),
(23, '2025-09-08', 450),
(23, '2025-09-09', 480),
(23, '2025-09-10', 630),
(23, '2025-09-11', 540),
(23, '2025-09-12', 510),
(23, '2025-09-13', 300),
(23, '2025-09-14', 0),
(23, '2025-09-15', 450),
(23, '2025-09-16', 480),
(23, '2025-09-17', 450),
(23, '2025-09-18', 480),
(24, '2025-09-01', 480),
(24, '2025-09-02', 480),
(24, '2025-09-03', 480),
(24, '2025-09-04', 450),
(24, '2025-09-05', 0),
(24, '2025-09-06', 300),
(24, '2025-09-07', 0),
(24, '2025-09-08', 450),
(24, '2025-09-09', 450),
(24, '2025-09-10', 450),
(24, '2025-09-11', 450),
(24, '2025-09-12', 450),
(24, '2025-09-13', 300),
(24, '2025-09-14', 0),
(24, '2025-09-15', 480),
(24, '2025-09-16', 480),
(24, '2025-09-17', 480),
(24, '2025-09-18', 480),
(25, '2025-09-01', 480),
(25, '2025-09-02', 480),
(25, '2025-09-03', 450),
(25, '2025-09-04', 450),
(25, '2025-09-05', 0),
(25, '2025-09-06', 300),
(25, '2025-09-07', 0),
(25, '2025-09-08', 480),
(25, '2025-09-09', 480),
(25, '2025-09-10', 450),
(25, '2025-09-11', 540),
(25, '2025-09-12', 480),
(25, '2025-09-13', 300),
(25, '2025-09-14', 0),
(25, '2025-09-15', 450),
(25, '2025-09-16', 450),
(25, '2025-09-17', 480),
(25, '2025-09-18', 480);

--
-- Indexes for dumped tables
--

--
-- Indexes for table `activities`
--
ALTER TABLE `activities`
  ADD PRIMARY KEY (`id`);

--
-- Indexes for table `archived_tasks`
--
ALTER TABLE `archived_tasks`
  ADD PRIMARY KEY (`id`),
  ADD KEY `pic_id` (`pic_id`);

--
-- Indexes for table `pics`
--
ALTER TABLE `pics`
  ADD PRIMARY KEY (`id`);

--
-- Indexes for table `tasks`
--
ALTER TABLE `tasks`
  ADD PRIMARY KEY (`id`),
  ADD KEY `pic_id` (`pic_id`);

--
-- Indexes for table `work_time`
--
ALTER TABLE `work_time`
  ADD PRIMARY KEY (`pic_id`,`date`);

--
-- AUTO_INCREMENT for dumped tables
--

--
-- AUTO_INCREMENT for table `activities`
--
ALTER TABLE `activities`
  MODIFY `id` bigint(20) NOT NULL AUTO_INCREMENT, AUTO_INCREMENT=106;

--
-- AUTO_INCREMENT for table `archived_tasks`
--
ALTER TABLE `archived_tasks`
  MODIFY `id` bigint(20) NOT NULL AUTO_INCREMENT, AUTO_INCREMENT=290;

--
-- AUTO_INCREMENT for table `pics`
--
ALTER TABLE `pics`
  MODIFY `id` bigint(20) NOT NULL AUTO_INCREMENT, AUTO_INCREMENT=26;

--
-- AUTO_INCREMENT for table `tasks`
--
ALTER TABLE `tasks`
  MODIFY `id` bigint(20) NOT NULL AUTO_INCREMENT, AUTO_INCREMENT=510;

--
-- Constraints for dumped tables
--

--
-- Constraints for table `archived_tasks`
--
ALTER TABLE `archived_tasks`
  ADD CONSTRAINT `archived_tasks_ibfk_1` FOREIGN KEY (`pic_id`) REFERENCES `pics` (`id`) ON DELETE SET NULL;

--
-- Constraints for table `tasks`
--
ALTER TABLE `tasks`
  ADD CONSTRAINT `tasks_ibfk_1` FOREIGN KEY (`pic_id`) REFERENCES `pics` (`id`) ON DELETE SET NULL;

--
-- Constraints for table `work_time`
--
ALTER TABLE `work_time`
  ADD CONSTRAINT `work_time_ibfk_1` FOREIGN KEY (`pic_id`) REFERENCES `pics` (`id`);

DELIMITER $$
--
-- Events
--
CREATE DEFINER=`dani`@`%` EVENT `move_archived_tasks_weekly` ON SCHEDULE EVERY 1 WEEK STARTS '2025-09-01 00:00:00' ENDS '2027-09-01 00:00:00' ON COMPLETION NOT PRESERVE ENABLE DO BEGIN
 	INSERT INTO archived_tasks
    SELECT * FROM tasks WHERE status = "archived";

    DELETE FROM tasks WHERE status = "archived";
END$$

DELIMITER ;
COMMIT;

/*!40101 SET CHARACTER_SET_CLIENT=@OLD_CHARACTER_SET_CLIENT */;
/*!40101 SET CHARACTER_SET_RESULTS=@OLD_CHARACTER_SET_RESULTS */;
/*!40101 SET COLLATION_CONNECTION=@OLD_COLLATION_CONNECTION */;
